iter	Logloss
0	0.6353253237
1	0.583600168
2	0.5436518659
3	0.5137996284
4	0.4809114335
5	0.4562628843
6	0.4364582799
7	0.4228755819
8	0.4095561064
9	0.3982920549
10	0.3900790791
11	0.3809458766
12	0.3705316582
13	0.3643989532
14	0.3582670094
15	0.3524639623
16	0.3493339601
17	0.3457425978
18	0.3420768469
19	0.3378365712
20	0.3346223183
21	0.3327253079
22	0.3305977915
23	0.3275237222
24	0.3258696123
25	0.3241564634
26	0.3226693041
27	0.321369413
28	0.3201909073
29	0.3190413604
30	0.3178996888
31	0.3161674938
32	0.3147379958
33	0.3136162782
34	0.3121136582
35	0.3107607477
36	0.3098264708
37	0.3088904855
38	0.3081532685
39	0.3074590727
40	0.3066674231
41	0.3060271204
42	0.3053265341
43	0.304689122
44	0.3041009098
45	0.303480445
46	0.3029737704
47	0.3027644656
48	0.3021915143
49	0.3016505272
50	0.3013525896
51	0.300941897
52	0.3006994486
53	0.3003459495
54	0.3000718756
55	0.2997975514
56	0.299270031
57	0.2989918534
58	0.2986496278
59	0.2984215809
60	0.297870894
61	0.2976127179
62	0.2974003064
63	0.2969124307
64	0.2966378018
65	0.2963711951
66	0.2959237075
67	0.2956159852
68	0.2952287263
69	0.2949330332
70	0.2945829567
71	0.2944002745
72	0.2941237868
73	0.2939172353
74	0.293586757
75	0.2933261619
76	0.2930799112
77	0.2928424885
78	0.2926411884
79	0.2923679627
80	0.2922435709
81	0.2920040371
82	0.2917437433
83	0.2915404711
84	0.2912917502
85	0.2910483365
86	0.290780645
87	0.2904725356
88	0.2902617653
89	0.2901312774
90	0.2899873871
91	0.2898843945
92	0.2896161064
93	0.289393976
94	0.2892091316
95	0.2890596138
96	0.2888345231
97	0.2885808107
98	0.2884621437
99	0.2883412251
100	0.2880925864
101	0.2878998491
102	0.2877985731
103	0.2876358628
104	0.2874763635
105	0.2873294947
106	0.287118492
107	0.2869835597
108	0.2868192241
109	0.2866121088
110	0.2863994655
111	0.2861823252
112	0.2859947289
113	0.2857792314
114	0.2856768593
115	0.2854898412
116	0.2853203271
117	0.2851582715
118	0.2851184079
119	0.2849806648
120	0.2848724117
121	0.2847017734
122	0.284569086
123	0.2844676745
124	0.2843872077
125	0.2842450263
126	0.2841917878
127	0.2840735918
128	0.2838887239
129	0.2835703013
130	0.2834183195
131	0.2832253767
132	0.2830458795
133	0.2829223864
134	0.282737416
135	0.2825939978
136	0.2824522802
137	0.2822513264
138	0.2821393571
139	0.2820461559
140	0.2819325623
141	0.2818088142
142	0.2817074176
143	0.2815796464
144	0.2814399575
145	0.2813498276
146	0.281220668
147	0.281014938
148	0.2809191175
149	0.2808335167
150	0.2807095612
151	0.280620332
152	0.280430403
153	0.2803567556
154	0.2802186283
155	0.2801477002
156	0.2799718933
157	0.2798560763
158	0.2798062629
159	0.2796947773
160	0.2796120974
161	0.2795494626
162	0.2793921927
163	0.279305924
164	0.2790831666
165	0.2789535041
166	0.2789232525
167	0.2788161836
168	0.2785946266
169	0.2784951677
170	0.2783741341
171	0.2782731443
172	0.2782319415
173	0.2781108185
174	0.2780125161
175	0.2778879881
176	0.2778051635
177	0.2776272614
178	0.2775908497
179	0.277465958
180	0.2774011581
181	0.2772689642
182	0.2771527744
183	0.2770927475
184	0.2770019273
185	0.276834028
186	0.2766282595
187	0.2765173618
188	0.2763920987
189	0.2763097769
190	0.276129871
191	0.2760356668
192	0.2758891927
193	0.2757078079
194	0.275623422
195	0.27551517
196	0.2754272681
197	0.2753217295
198	0.2751595927
199	0.2750605106
200	0.2749651527
201	0.2748862691
202	0.2747566468
203	0.2746456966
204	0.2745726626
205	0.2743968346
206	0.274286648
207	0.2742411237
208	0.2740430614
209	0.2739512641
210	0.2739159967
211	0.2737301533
212	0.2735815387
213	0.2734366717
214	0.2733135634
215	0.273160294
216	0.2730940475
217	0.2730250554
218	0.2729082293
219	0.2727471999
220	0.2726572817
221	0.2725731543
222	0.2725261096
223	0.2724372614
224	0.2723395076
225	0.272203162
226	0.2721448798
227	0.2720829853
228	0.2720311816
229	0.2719859359
230	0.2719142852
231	0.2718366769
232	0.2717723609
233	0.2716865934
234	0.2715699103
235	0.2714716858
236	0.2713090543
237	0.2711624101
238	0.2710363258
239	0.2709612835
240	0.2708323816
241	0.2707561842
242	0.2706691746
243	0.2705564768
244	0.2704357877
245	0.2702050462
246	0.2700247767
247	0.2698542832
248	0.269803913
249	0.2697377664
250	0.2696549865
251	0.2695116997
252	0.2694111544
253	0.2693065684
254	0.2692068896
255	0.2690836721
256	0.2689733303
257	0.2688862456
258	0.2688249249
259	0.268793187
260	0.2687494099
261	0.2686897476
262	0.2685623049
263	0.2684694224
264	0.2684049618
265	0.2683303369
266	0.2682414716
267	0.2680897786
268	0.2679391805
269	0.2678803143
270	0.2677731489
271	0.2676533233
272	0.2676117707
273	0.2675167486
274	0.2674545807
275	0.2672792272
276	0.2672236111
277	0.2671299172
278	0.2670177464
279	0.2669184546
280	0.2667868551
281	0.2667439342
282	0.2666046734
283	0.2665526314
284	0.2664110442
285	0.2663416654
286	0.266209852
287	0.2660838734
288	0.265978976
289	0.2658452955
290	0.2657282752
291	0.2656044508
292	0.2655318721
293	0.2654456586
294	0.2653336456
295	0.265248073
296	0.265154592
297	0.2650788212
298	0.2650082259
299	0.2649736846
300	0.264922541
301	0.2648802344
302	0.2647819172
303	0.2646992139
304	0.2646116011
305	0.2644866139
306	0.2643856307
307	0.2642989432
308	0.2642183625
309	0.2641470169
310	0.2640184716
311	0.2639780218
312	0.2639041457
313	0.2638370859
314	0.2638064748
315	0.2637336498
316	0.2636737165
317	0.2636083351
318	0.2634946554
319	0.2634020142
320	0.2633083392
321	0.2632643095
322	0.2631994697
323	0.2631394994
324	0.2630747032
325	0.2630238694
326	0.2629488611
327	0.2628692361
328	0.2628436104
329	0.2627902335
330	0.2627293259
331	0.2626197321
332	0.2625865826
333	0.2625047933
334	0.262425744
335	0.2623566431
336	0.2622492479
337	0.2621829992
338	0.2620250243
339	0.2619716044
340	0.2619121231
341	0.2618098809
342	0.2617394085
343	0.2616186601
344	0.2615405184
345	0.2615097924
346	0.2614739887
347	0.2614051284
348	0.2613280069
349	0.2612601422
350	0.2612038259
351	0.2610701774
352	0.2609636905
353	0.2608787065
354	0.2608304261
355	0.2607897663
356	0.2607171975
357	0.2606480337
358	0.2605785843
359	0.2605249044
360	0.2604034412
361	0.2603069374
362	0.2602447982
363	0.2601886503
364	0.2601064579
365	0.2599686802
366	0.2598747764
367	0.2598139971
368	0.2597798396
369	0.2597515374
370	0.2597064262
371	0.2596771988
372	0.2595981912
373	0.259541931
374	0.2595004217
375	0.2594529533
376	0.2593936492
377	0.2592727842
378	0.259172949
379	0.2591028525
380	0.2590689911
381	0.2589852371
382	0.2589517843
383	0.2587873395
384	0.2587141349
385	0.2586855296
386	0.25864382
387	0.2586157357
388	0.2585841769
389	0.2585591409
390	0.258487175
391	0.2583858452
392	0.2582767518
393	0.2582249029
394	0.2581827167
395	0.2581261507
396	0.2580293504
397	0.2579599522
398	0.2578108484
399	0.2577506036
400	0.257584017
401	0.2574805156
402	0.2574280009
403	0.2573402311
404	0.2572842813
405	0.2571855794
406	0.2571418505
407	0.2570998049
408	0.2570641789
409	0.2570162395
410	0.2569578745
411	0.2568851399
412	0.2568570973
413	0.2568153189
414	0.2567784209
415	0.2567211519
416	0.2566375017
417	0.2566156018
418	0.2565516276
419	0.2565204659
420	0.2563990126
421	0.256341274
422	0.2561926643
423	0.2561038083
424	0.2560275194
425	0.2560045419
426	0.2559088004
427	0.2557938339
428	0.2557440028
429	0.2556637668
430	0.2556091353
431	0.2555125172
432	0.2554862009
433	0.2554538102
434	0.2553855725
435	0.2553010526
436	0.2552309223
437	0.2551846101
438	0.2550831495
439	0.2550064028
440	0.2549791364
441	0.2548906015
442	0.2548200469
443	0.254784148
444	0.2546780636
445	0.2546349822
446	0.254615909
447	0.2545510484
448	0.2544980067
449	0.2543999665
450	0.2543313891
451	0.2542613533
452	0.2541952956
453	0.254148479
454	0.254121259
455	0.2540722769
456	0.253943533
457	0.2538838064
458	0.2538626532
459	0.2538169493
460	0.2537361574
461	0.2536504914
462	0.2536075323
463	0.2535227061
464	0.2534765929
465	0.2534177342
466	0.2533612259
467	0.2533161996
468	0.2532372094
469	0.2531965768
470	0.2531336747
471	0.2530704368
472	0.2530219678
473	0.2530048618
474	0.2529427816
475	0.2529026983
476	0.2528277796
477	0.252750077
478	0.2526944494
479	0.2526781354
480	0.252636026
481	0.2525720032
482	0.2524795842
483	0.2524376198
484	0.2523718261
485	0.2523170842
486	0.252268848
487	0.2522475624
488	0.2522252391
489	0.2521620159
490	0.2521216247
491	0.2520772285
492	0.2520330529
493	0.2519822147
494	0.2519611013
495	0.2519129491
496	0.251898484
497	0.2518297006
498	0.2517444576
499	0.2517102057
500	0.2516812189
501	0.251652904
502	0.2516400448
503	0.2516110331
504	0.2515780233
505	0.2514931824
506	0.2513906479
507	0.2513596482
508	0.2513337981
509	0.2513043718
510	0.2512671573
511	0.2512261171
512	0.2511608681
513	0.2511433081
514	0.2511213265
515	0.2510764003
516	0.251001806
517	0.250984159
518	0.2509149156
519	0.2508458128
520	0.250804717
521	0.2507707394
522	0.2507519397
523	0.2506924238
524	0.2506400733
525	0.2505650859
526	0.2504971719
527	0.2504614301
528	0.250435688
529	0.2503950282
530	0.2503415995
531	0.250316852
532	0.2502744394
533	0.2502206658
534	0.2501889453
535	0.2501385709
536	0.2500909373
537	0.250073695
538	0.2500558811
539	0.2500244482
540	0.249967193
541	0.2499185872
542	0.2498841578
543	0.2498075439
544	0.2497696501
545	0.2497459553
546	0.2497138783
547	0.2496016388
548	0.2495155835
549	0.2494473433
550	0.2494201638
551	0.249373278
552	0.2493572998
553	0.2493211943
554	0.2492591003
555	0.2491947154
556	0.2491599156
557	0.2491419593
558	0.2490927962
559	0.2490738547
560	0.249020003
561	0.248976117
562	0.2489188733
563	0.2488656106
564	0.2488359855
565	0.2487767536
566	0.2487573002
567	0.2487425245
568	0.2487213509
569	0.2486954176
570	0.2486401274
571	0.2485418197
572	0.248480374
573	0.2484594931
574	0.2484291431
575	0.2484040112
576	0.2483489533
577	0.2482058292
578	0.2481336157
579	0.2480863623
580	0.2480407811
581	0.2480153803
582	0.2479971665
583	0.2479746553
584	0.2479222824
585	0.2479066172
586	0.2478743113
587	0.2478130452
588	0.247793552
589	0.2477787868
590	0.2477516059
591	0.2476873106
592	0.2476380781
593	0.2476136513
594	0.2476021313
595	0.2474781673
596	0.2474289248
597	0.2473999051
598	0.2473809537
599	0.2473467138
600	0.2472938084
601	0.247273107
602	0.247258254
603	0.2472102343
604	0.2471251111
605	0.2470806936
606	0.247055556
607	0.2470124576
608	0.2469684803
609	0.2468945028
610	0.2468739657
611	0.2468344102
612	0.2467952022
613	0.2467802099
614	0.2467629984
615	0.2467469074
616	0.2466904137
617	0.2466523403
618	0.2465737651
619	0.2465000428
620	0.2464815641
621	0.2464539462
622	0.2464408076
623	0.2463762625
624	0.2463299786
625	0.2462874597
626	0.2462627207
627	0.2461893513
628	0.2461731627
629	0.246147611
630	0.2461010444
631	0.2460615433
632	0.246051175
633	0.2459918132
634	0.2459502996
635	0.245921557
636	0.2458646837
637	0.2458464215
638	0.2458034816
639	0.2457639197
640	0.2457242197
641	0.2456329292
642	0.2456036446
643	0.2455569779
644	0.2455434929
645	0.2455268302
646	0.2454664651
647	0.2454252002
648	0.2453945903
649	0.2453614426
650	0.2453061185
651	0.245284973
652	0.245263432
653	0.2452472707
654	0.2452054652
655	0.2451816606
656	0.24513773
657	0.2451182757
658	0.2450709507
659	0.2450484936
660	0.2450018939
661	0.2449522156
662	0.2449176042
663	0.2448761357
664	0.2448196236
665	0.2447914224
666	0.2447695687
667	0.2447257918
668	0.2446989642
669	0.2446841877
670	0.2446670231
671	0.2446536882
672	0.2446344964
673	0.244619415
674	0.244600358
675	0.2445683476
676	0.2444695429
677	0.2444472897
678	0.2444202499
679	0.2443876405
680	0.2443515698
681	0.2443191238
682	0.2442659882
683	0.2442379316
684	0.244171509
685	0.2440973233
686	0.2440326743
687	0.2439787454
688	0.2439462521
689	0.243926911
690	0.2438861287
691	0.243873089
692	0.2438492118
693	0.2438116662
694	0.2437801208
695	0.2437580319
696	0.2436991913
697	0.243647816
698	0.2436291634
699	0.2436164458
700	0.2435714163
701	0.2435194152
702	0.2434981438
703	0.2434678955
704	0.2434347945
705	0.2434191443
706	0.2433924146
707	0.2433437005
708	0.2432949225
709	0.2431967608
710	0.2431224357
711	0.2430705376
712	0.243048002
713	0.2429890479
714	0.24296371
715	0.2429364911
716	0.2429161425
717	0.2428879079
718	0.2428751175
719	0.242837209
720	0.2427959977
721	0.2427667307
722	0.2427464587
723	0.2426970792
724	0.2426866358
725	0.2426536701
726	0.2426079854
727	0.2425706017
728	0.2425580042
729	0.2425249254
730	0.2424834656
731	0.2424652778
732	0.2424153614
733	0.2423570603
734	0.2423369022
735	0.2423127293
736	0.2422482549
737	0.2422242601
738	0.2421932584
739	0.2421740048
740	0.2421415375
741	0.2421100555
742	0.2420583883
743	0.2420018059
744	0.2419583532
745	0.2418927704
746	0.2418602603
747	0.2418160609
748	0.2417366142
749	0.2416960571
750	0.2416662793
751	0.241629947
752	0.2416011888
753	0.2415843488
754	0.2415558538
755	0.241506003
756	0.2414366667
757	0.2414102571
758	0.2413738624
759	0.241290885
760	0.2412611404
761	0.2412443196
762	0.2411825928
763	0.2411705179
764	0.2411467432
765	0.2410894994
766	0.2410714884
767	0.2410113011
768	0.2409782798
769	0.2409546175
770	0.2409240702
771	0.2409086389
772	0.2408658857
773	0.2408291706
774	0.2407878018
775	0.240730589
776	0.2406953102
777	0.2406739138
778	0.2406316646
779	0.2406010239
780	0.2405533493
781	0.2405255813
782	0.2404848636
783	0.2404568002
784	0.2404459606
785	0.2404264742
786	0.2404059277
787	0.2403661077
788	0.2403519246
789	0.2402985308
790	0.2402619522
791	0.240231235
792	0.2401794821
793	0.2401449646
794	0.2401204183
795	0.2401106035
796	0.240102668
797	0.240068989
798	0.2400331556
799	0.2400112873
800	0.2399994542
801	0.2399793342
802	0.2399508716
803	0.2399323332
804	0.2399072817
805	0.2398800189
806	0.2398558027
807	0.239840984
808	0.2397971009
809	0.2397273945
810	0.2396993341
811	0.2396540204
812	0.2396389584
813	0.239590182
814	0.2395732182
815	0.2395467072
816	0.2395260329
817	0.2394973293
818	0.2394807156
819	0.2394438063
820	0.2393934532
821	0.2393641807
822	0.2393515037
823	0.2393381326
824	0.2393207246
825	0.2392859484
826	0.2392658839
827	0.2392484827
828	0.2392338649
829	0.2391944285
830	0.2391758905
831	0.2391600208
832	0.2391434202
833	0.2391161742
834	0.2390721415
835	0.2390520885
836	0.2390404439
837	0.2390234303
838	0.2389825661
839	0.2389548582
840	0.2389225306
841	0.2388847158
842	0.2388519883
843	0.238829873
844	0.2388006772
845	0.2387732991
846	0.2387584694
847	0.2387130036
848	0.2387025591
849	0.2386823125
850	0.2386485998
851	0.2386113406
852	0.238597179
853	0.2385825809
854	0.2385518634
855	0.2385158994
856	0.2384784443
857	0.2384298322
858	0.2383837194
859	0.2383571348
860	0.2383153806
861	0.2382913437
862	0.2382661487
863	0.2382246376
864	0.2382067553
865	0.2381692758
866	0.2381529653
867	0.23814054
868	0.2381135027
869	0.2381013115
870	0.2380786186
871	0.238041821
872	0.2380364957
873	0.2380169245
874	0.2379991946
875	0.2379678895
876	0.237955806
877	0.2379468248
878	0.2379356488
879	0.2378884802
880	0.2378785864
881	0.2378565143
882	0.2378374727
883	0.2378141721
884	0.2377962167
885	0.2377783608
886	0.2377448486
887	0.2377300371
888	0.2377006678
889	0.2376667885
890	0.2376517682
891	0.2376396568
892	0.2376081156
893	0.2375900277
894	0.2375664294
895	0.2375297992
896	0.2375140549
897	0.2374974101
898	0.2374616138
899	0.237422237
900	0.2374066259
901	0.2373753592
902	0.2373245753
903	0.2373046308
904	0.2372733855
905	0.2372590867
906	0.2372420686
907	0.2371874821
908	0.2371577388
909	0.2371370225
910	0.2371264942
911	0.237112305
912	0.2370557717
913	0.2370026442
914	0.2369770848
915	0.2369462021
916	0.2369186306
917	0.2369106823
918	0.2368937092
919	0.2368843059
920	0.2368534233
921	0.2368376027
922	0.2368116391
923	0.2367980704
924	0.236781731
925	0.2367648084
926	0.2367569658
927	0.2367302582
928	0.2366914884
929	0.2366746978
930	0.2366441727
931	0.2366191285
932	0.2365955058
933	0.2365664621
934	0.2365517671
935	0.2365407263
936	0.2365195417
937	0.2364611232
938	0.2364230029
939	0.2363999594
940	0.2363796239
941	0.2363395812
942	0.2363111195
943	0.2362762451
944	0.2362298086
945	0.2362061848
946	0.2361672315
947	0.2361526245
948	0.2361254346
949	0.2361143023
950	0.2360864412
951	0.2360541116
952	0.2360254968
953	0.2359917929
954	0.235972331
955	0.2359481284
956	0.2359120086
957	0.2358695688
958	0.2358428133
959	0.2358081494
960	0.2357690664
961	0.2357481078
962	0.2357383135
963	0.2357243772
964	0.2357071265
965	0.2356784254
966	0.235660697
967	0.2356426918
968	0.2356191231
969	0.2355948707
970	0.2355735433
971	0.2355578817
972	0.2355316357
973	0.2355146168
974	0.2354705442
975	0.2354480131
976	0.2354319965
977	0.2354199025
978	0.2354082895
979	0.2353778408
980	0.2353623582
981	0.2353421149
982	0.2353309334
983	0.235314314
984	0.2352962044
985	0.2352723644
986	0.2352421263
987	0.2351961451
988	0.235186103
989	0.2351469233
990	0.2351174327
991	0.2351020869
992	0.235085197
993	0.2350620644
994	0.2350498473
995	0.2350339777
996	0.2350066044
997	0.2349812399
998	0.2349563837
999	0.2349285726
1000	0.2348894281
1001	0.2348586751
1002	0.2348367929
1003	0.2348233767
1004	0.2348032126
1005	0.234790813
1006	0.2347756317
1007	0.2347556577
1008	0.2347319263
1009	0.2347241875
1010	0.2347127396
1011	0.2347063929
1012	0.2346854051
1013	0.2346693278
1014	0.234642765
1015	0.2346310156
1016	0.2346072263
1017	0.2345843619
1018	0.2345590076
1019	0.2345183823
1020	0.2344998365
1021	0.2344831321
1022	0.234457596
1023	0.2344309208
1024	0.2344094381
1025	0.2343861391
1026	0.2343345165
1027	0.2343133813
1028	0.2342901033
1029	0.234282118
1030	0.234237894
1031	0.2342236392
1032	0.2342091377
1033	0.2341992042
1034	0.2341705135
1035	0.2341585086
1036	0.2341394943
1037	0.2341144439
1038	0.2341024637
1039	0.2340913322
1040	0.2340804837
1041	0.2340558662
1042	0.2340137227
1043	0.2340001519
1044	0.2339903363
1045	0.2339662179
1046	0.2339498014
1047	0.2339313944
1048	0.2339148282
1049	0.23390594
1050	0.2338841337
1051	0.2338732759
1052	0.2338351852
1053	0.2338183784
1054	0.2337979197
1055	0.2337817297
1056	0.2337330721
1057	0.2337089347
1058	0.2336850898
1059	0.2336423013
1060	0.2336128116
1061	0.233589469
1062	0.2335581179
1063	0.2335260536
1064	0.2335089767
1065	0.2334982894
1066	0.2334706426
1067	0.2334563756
1068	0.2334273178
1069	0.2334051869
1070	0.233392993
1071	0.2333806305
1072	0.2333705296
1073	0.2333570675
1074	0.2333358379
1075	0.2333148947
1076	0.2332986571
1077	0.2332855948
1078	0.2332616555
1079	0.2332264008
1080	0.2332128253
1081	0.2331723682
1082	0.2331365232
1083	0.2331148322
1084	0.2330940357
1085	0.2330822223
1086	0.2330597945
1087	0.2330482362
1088	0.2330229586
1089	0.2330065391
1090	0.2329993261
1091	0.232991579
1092	0.2329729838
1093	0.2329590972
1094	0.232948799
1095	0.2329362825
1096	0.2329304808
1097	0.2329172695
1098	0.2329002647
1099	0.2328807505
1100	0.2328700743
1101	0.2328482886
1102	0.2328196377
1103	0.2328063059
1104	0.2327890271
1105	0.2327682106
1106	0.2327556899
1107	0.2327410755
1108	0.2327023082
1109	0.2326830309
1110	0.2326517235
1111	0.232627978
1112	0.2326203626
1113	0.232603901
1114	0.2325777362
1115	0.2325558723
1116	0.2325358849
1117	0.2325211149
1118	0.2325096341
1119	0.2324978518
1120	0.2324874081
1121	0.2324654474
1122	0.2324382615
1123	0.2324256259
1124	0.2324160657
1125	0.2324037013
1126	0.2323697965
1127	0.2323323669
1128	0.2323184304
1129	0.232306109
1130	0.2322676223
1131	0.2322451326
1132	0.2322258576
1133	0.2322087856
1134	0.2321942824
1135	0.2321803865
1136	0.2321626331
1137	0.2321268913
1138	0.2321127104
1139	0.2320872263
1140	0.2320662302
1141	0.2320418813
1142	0.2320321298
1143	0.2320216644
1144	0.2319852949
1145	0.2319684482
1146	0.2319483871
1147	0.2319354162
1148	0.2319279418
1149	0.2319027607
1150	0.2318765616
1151	0.2318410081
1152	0.2318227761
1153	0.2318065672
1154	0.2317926583
1155	0.231783151
1156	0.2317554855
1157	0.2317479379
1158	0.2317299171
1159	0.2317132783
1160	0.2317030262
1161	0.2316913232
1162	0.2316831098
1163	0.2316695575
1164	0.2316634817
1165	0.2316241672
1166	0.2316081849
1167	0.2315960174
1168	0.2315776898
1169	0.2315441394
1170	0.231522591
1171	0.2315119772
1172	0.2315010766
1173	0.2314891082
1174	0.2314627064
1175	0.2314343765
1176	0.2314218057
1177	0.2313998632
1178	0.231392425
1179	0.231364707
1180	0.2313452672
1181	0.2313378436
1182	0.2313251265
1183	0.2312925501
1184	0.2312814662
1185	0.2312486451
1186	0.2312432957
1187	0.2312206955
1188	0.2312121589
1189	0.2312009247
1190	0.2311758912
1191	0.2311582016
1192	0.2311489851
1193	0.2311183426
1194	0.2311032662
1195	0.231088219
1196	0.2310734099
1197	0.2310519737
1198	0.231031401
1199	0.2310015608
1200	0.2309824845
1201	0.2309746202
1202	0.2309524854
1203	0.2309304829
1204	0.2309162201
1205	0.2309100082
1206	0.2309015793
1207	0.2308852943
1208	0.2308627325
1209	0.2308518993
1210	0.2308307824
1211	0.2308071279
1212	0.2307994816
1213	0.2307843341
1214	0.2307743494
1215	0.230761979
1216	0.2307515733
1217	0.2307305328
1218	0.230711012
1219	0.2306890698
1220	0.230674656
1221	0.2306533636
1222	0.2306376529
1223	0.2306279345
1224	0.2306104244
1225	0.2305895565
1226	0.2305661562
1227	0.2305544994
1228	0.2305466345
1229	0.2305250883
1230	0.2305168181
1231	0.2305048591
1232	0.2304867186
1233	0.2304711719
1234	0.23045932
1235	0.2304494652
1236	0.2304339827
1237	0.2304036
1238	0.2303661789
1239	0.2303585484
1240	0.2303321863
1241	0.2303143332
1242	0.2303066666
1243	0.2302954627
1244	0.2302737786
1245	0.2302590764
1246	0.230237513
1247	0.2302169149
1248	0.2302032632
1249	0.2301915062
1250	0.2301749521
1251	0.2301656926
1252	0.2301550026
1253	0.2301363266
1254	0.2301223256
1255	0.2301088991
1256	0.2300860852
1257	0.2300750515
1258	0.2300519358
1259	0.2300418845
1260	0.2300328856
1261	0.2300181161
1262	0.2299959945
1263	0.2299855185
1264	0.2299780096
1265	0.2299660029
1266	0.2299524881
1267	0.2299245639
1268	0.2299061608
1269	0.2298864307
1270	0.2298768656
1271	0.2298633218
1272	0.2298407825
1273	0.2298252108
1274	0.2298076223
1275	0.2297905094
1276	0.2297678954
1277	0.2297527983
1278	0.2297429377
1279	0.2297299768
1280	0.2297131023
1281	0.2297024658
1282	0.2296939199
1283	0.2296783885
1284	0.2296455285
1285	0.2296219948
1286	0.2295988695
1287	0.2295802301
1288	0.2295644953
1289	0.2295473582
1290	0.2295284563
1291	0.2295203908
1292	0.2295018509
1293	0.22948889
1294	0.229478515
1295	0.2294583343
1296	0.2294351503
1297	0.2294278553
1298	0.2294061499
1299	0.2293801441
1300	0.2293606466
1301	0.2293342277
1302	0.229318057
1303	0.2293034176
1304	0.2292951416
1305	0.2292766075
1306	0.2292498894
1307	0.2292413505
1308	0.2292284073
1309	0.229214934
1310	0.2292034286
1311	0.2291824718
1312	0.2291720607
1313	0.2291446232
1314	0.2291380366
1315	0.2291241839
1316	0.2291048697
1317	0.2290969848
1318	0.2290882209
1319	0.2290706397
1320	0.2290572137
1321	0.2290389159
1322	0.229032395
1323	0.2290271471
1324	0.2290193057
1325	0.2290078101
1326	0.2289996316
1327	0.228994067
1328	0.2289856339
1329	0.2289696167
1330	0.2289546537
1331	0.2289414301
1332	0.2289193084
1333	0.2289064033
1334	0.2288899016
1335	0.2288772254
1336	0.2288668639
1337	0.2288573286
1338	0.2288459474
1339	0.2288346434
1340	0.228816042
1341	0.2288036524
1342	0.2287782181
1343	0.2287597826
1344	0.2287440347
1345	0.2287356535
1346	0.228725241
1347	0.2287165981
1348	0.2286979445
1349	0.228683908
1350	0.2286708649
1351	0.228661612
1352	0.2286491677
1353	0.2286251073
1354	0.2286178556
1355	0.2286030024
1356	0.2285947703
1357	0.2285834161
1358	0.2285729557
1359	0.2285599432
1360	0.2285500749
1361	0.2285387135
1362	0.228528565
1363	0.2285095058
1364	0.2284960342
1365	0.2284828992
1366	0.228470203
1367	0.2284482685
1368	0.2284379486
1369	0.2284284118
1370	0.2284182504
1371	0.2284068582
1372	0.2283874089
1373	0.2283711048
1374	0.2283621093
1375	0.2283459966
1376	0.2283307312
1377	0.2283083432
1378	0.2282993518
1379	0.2282890048
1380	0.2282691455
1381	0.2282587483
1382	0.2282383082
1383	0.2282278923
1384	0.2282176294
1385	0.228208023
1386	0.2281944392
1387	0.2281790543
1388	0.2281599175
1389	0.2281472782
1390	0.2281379195
1391	0.2281320698
1392	0.2281270689
1393	0.2281195256
1394	0.2280920076
1395	0.2280778625
1396	0.2280639634
1397	0.2280472578
1398	0.2280402133
1399	0.228014596
1400	0.2279865573
1401	0.2279711785
1402	0.2279535227
1403	0.2279351987
1404	0.2279174076
1405	0.2278977228
1406	0.2278797792
1407	0.2278706869
1408	0.227860385
1409	0.2278341231
1410	0.2278121136
1411	0.2277969208
1412	0.2277911593
1413	0.2277671952
1414	0.2277587669
1415	0.2277524136
1416	0.2277404968
1417	0.2277300241
1418	0.2277223079
1419	0.2277075199
1420	0.2276942543
1421	0.2276853561
1422	0.2276804053
1423	0.2276622686
1424	0.2276474014
1425	0.227632595
1426	0.2276198009
1427	0.2276031029
1428	0.2275952751
1429	0.2275875903
1430	0.2275762406
1431	0.2275664947
1432	0.2275419106
1433	0.227526908
1434	0.2275154212
1435	0.2275056346
1436	0.2274873997
1437	0.2274747761
1438	0.2274651502
1439	0.2274540133
1440	0.2274438605
1441	0.2274297195
1442	0.2274176356
1443	0.2274036566
1444	0.2273957001
1445	0.2273801431
1446	0.2273601171
1447	0.2273414228
1448	0.2273264952
1449	0.227317437
1450	0.2272933346
1451	0.227278332
1452	0.2272700338
1453	0.2272542125
1454	0.2272435869
1455	0.2272163701
1456	0.2272045921
1457	0.2271798469
1458	0.2271674144
1459	0.2271550208
1460	0.227140465
1461	0.2271326486
1462	0.2271226434
1463	0.227115041
1464	0.2271050732
1465	0.2270896287
1466	0.2270798156
1467	0.2270676875
1468	0.2270597036
1469	0.2270506392
1470	0.2270292514
1471	0.227021428
1472	0.227004649
1473	0.2269941459
1474	0.2269797534
1475	0.226968395
1476	0.2269594635
1477	0.2269500223
1478	0.2269320799
1479	0.2269210242
1480	0.2269123656
1481	0.2269019123
1482	0.2268955617
1483	0.226887382
1484	0.226880644
1485	0.2268693419
1486	0.2268615863
1487	0.2268483368
1488	0.2268323106
1489	0.2268204402
1490	0.226814415
1491	0.2268096532
1492	0.2267988938
1493	0.2267903476
1494	0.2267808297
1495	0.2267642606
1496	0.2267509204
1497	0.2267438603
1498	0.2267288379
1499	0.2267163143
1500	0.2267075802
1501	0.2266901318
1502	0.2266825281
1503	0.2266689591
1504	0.2266480197
1505	0.226638672
1506	0.22662697
1507	0.226619536
1508	0.2266080115
1509	0.226599618
1510	0.2265910554
1511	0.2265828122
1512	0.2265670751
1513	0.2265533952
1514	0.2265316309
1515	0.2265087552
1516	0.2264909588
1517	0.226460828
1518	0.2264440863
1519	0.226433871
1520	0.2264239772
1521	0.22641328
1522	0.2264020241
1523	0.2263963109
1524	0.2263900975
1525	0.2263819946
1526	0.2263726772
1527	0.2263645591
1528	0.226359058
1529	0.2263484601
1530	0.2263310094
1531	0.2263131819
1532	0.2263067256
1533	0.2262937058
1534	0.2262796338
1535	0.2262677961
1536	0.2262534235
1537	0.226244406
1538	0.2262334127
1539	0.2262260763
1540	0.2262182788
1541	0.2262003004
1542	0.2261845338
1543	0.2261723203
1544	0.2261658981
1545	0.2261564887
1546	0.2261458397
1547	0.2261373045
1548	0.226128644
1549	0.2261094844
1550	0.2260964188
1551	0.2260852743
1552	0.226076257
1553	0.2260571362
1554	0.2260488545
1555	0.2260273499
1556	0.2260163533
1557	0.2260002318
1558	0.2259906523
1559	0.2259801862
1560	0.2259652635
1561	0.2259417213
1562	0.2259345926
1563	0.2259291098
1564	0.2259235451
1565	0.2259101758
1566	0.2259008768
1567	0.225892183
1568	0.2258651814
1569	0.2258510832
1570	0.2258342377
1571	0.2258072738
1572	0.2257903301
1573	0.2257776512
1574	0.2257642268
1575	0.2257432827
1576	0.2257273207
1577	0.2257055745
1578	0.2256864095
1579	0.2256731939
1580	0.2256624341
1581	0.2256492109
1582	0.2256396488
1583	0.2256273214
1584	0.2256127606
1585	0.2255994567
1586	0.2255897605
1587	0.2255827819
1588	0.2255739382
1589	0.2255682682
1590	0.2255561838
1591	0.2255497281
1592	0.2255452438
1593	0.225534583
1594	0.2255238049
1595	0.2255164674
1596	0.2255075848
1597	0.2255006148
1598	0.2254901523
1599	0.2254791757
1600	0.2254680934
1601	0.2254600444
1602	0.2254444444
1603	0.2254358768
1604	0.2254265982
1605	0.2254019219
1606	0.2253935869
1607	0.2253829197
1608	0.2253701784
1609	0.2253616679
1610	0.2253546095
1611	0.2253466569
1612	0.2253299166
1613	0.2253196823
1614	0.2253079914
1615	0.2252853818
1616	0.2252767684
1617	0.2252652112
1618	0.2252555805
1619	0.2252461329
1620	0.2252343655
1621	0.2252291365
1622	0.2252195908
1623	0.2252080731
1624	0.2251961482
1625	0.2251873367
1626	0.2251763036
1627	0.2251545834
1628	0.2251300099
1629	0.2251225446
1630	0.2251113104
1631	0.2251012252
1632	0.2250872168
1633	0.2250679818
1634	0.2250452808
1635	0.2250361616
1636	0.2250297106
1637	0.2250205159
1638	0.2250140818
1639	0.2250015544
1640	0.2249899724
1641	0.2249709805
1642	0.2249615874
1643	0.2249516882
1644	0.2249416375
1645	0.2249343111
1646	0.2249253611
1647	0.2249177388
1648	0.2249087552
1649	0.2249014198
1650	0.2248946603
1651	0.224886847
1652	0.2248735297
1653	0.2248613298
1654	0.2248519388
1655	0.2248369555
1656	0.224820929
1657	0.2248140343
1658	0.2247861513
1659	0.2247760476
1660	0.2247642899
1661	0.2247547442
1662	0.2247474505
1663	0.2247424625
1664	0.2247299967
1665	0.224721927
1666	0.2247126087
1667	0.2247035647
1668	0.2246874052
1669	0.224677729
1670	0.2246718513
1671	0.2246548928
1672	0.2246403704
1673	0.2246332445
1674	0.224622857
1675	0.2246093413
1676	0.2245971885
1677	0.2245901798
1678	0.2245817472
1679	0.2245629788
1680	0.2245440642
1681	0.2245249081
1682	0.2245106887
1683	0.2244849873
1684	0.2244703337
1685	0.2244518189
1686	0.2244415906
1687	0.2244282156
1688	0.2244171824
1689	0.2244012383
1690	0.2243885013
1691	0.2243740227
1692	0.2243591129
1693	0.2243535503
1694	0.2243439166
1695	0.2243331318
1696	0.2243219072
1697	0.224314747
1698	0.2243074078
1699	0.224295812
1700	0.2242845807
1701	0.2242759209
1702	0.2242692169
1703	0.2242585178
1704	0.2242455495
1705	0.2242367868
1706	0.2242167827
1707	0.2242068699
1708	0.2241845913
1709	0.2241778999
1710	0.2241693609
1711	0.2241509379
1712	0.2241413769
1713	0.2241320593
1714	0.2241175206
1715	0.2240997433
1716	0.2240932894
1717	0.2240817221
1718	0.2240734168
1719	0.2240550167
1720	0.2240381373
1721	0.2240317434
1722	0.2240141519
1723	0.224003769
1724	0.2239824978
1725	0.2239670208
1726	0.2239505646
1727	0.2239375834
1728	0.2239167343
1729	0.2239020782
1730	0.2238926655
1731	0.2238847919
1732	0.2238710272
1733	0.2238597804
1734	0.2238479416
1735	0.2238368209
1736	0.2238127924
1737	0.2237990442
1738	0.2237871377
1739	0.2237756328
1740	0.2237678745
1741	0.223762886
1742	0.2237534671
1743	0.223747905
1744	0.2237407867
1745	0.2237327509
1746	0.2237241717
1747	0.2237161718
1748	0.2237058231
1749	0.2236902925
1750	0.2236783312
1751	0.2236618426
1752	0.2236547989
1753	0.2236462802
1754	0.2236358873
1755	0.2236293155
1756	0.2236214896
1757	0.2236153139
1758	0.2236088194
1759	0.2236001373
1760	0.2235920379
1761	0.2235790158
1762	0.2235720138
1763	0.2235555217
1764	0.2235500371
1765	0.2235363083
1766	0.2235276623
1767	0.2235192134
1768	0.2235122263
1769	0.2235032297
1770	0.2234928526
1771	0.2234829471
1772	0.2234726689
1773	0.2234622465
1774	0.2234510021
1775	0.2234375945
1776	0.2234275208
1777	0.2234138496
1778	0.2234007774
1779	0.2233896245
1780	0.2233815324
1781	0.2233718596
1782	0.2233601567
1783	0.2233523894
1784	0.223342903
1785	0.2233322545
1786	0.2233231291
1787	0.2233007767
1788	0.2232848097
1789	0.2232664795
1790	0.2232551777
1791	0.2232444629
1792	0.2232318868
1793	0.2232245083
1794	0.2232128976
1795	0.2231945351
1796	0.2231855201
1797	0.2231779201
1798	0.223162202
1799	0.2231557142
1800	0.2231482129
1801	0.2231394954
1802	0.2231332181
1803	0.2231237253
1804	0.2231175305
1805	0.223101326
1806	0.2230914466
1807	0.2230787805
1808	0.223069308
1809	0.223062588
1810	0.2230542743
1811	0.2230442074
1812	0.2230351746
1813	0.2230272101
1814	0.2230176624
1815	0.2230124666
1816	0.2230047172
1817	0.2229931567
1818	0.2229864841
1819	0.2229772517
1820	0.2229640678
1821	0.2229551893
1822	0.2229502055
1823	0.2229417354
1824	0.2229357384
1825	0.2229207022
1826	0.2229144882
1827	0.2229020512
1828	0.2228919494
1829	0.2228661414
1830	0.2228587775
1831	0.2228529682
1832	0.2228458022
1833	0.2228381956
1834	0.2228272235
1835	0.2228226062
1836	0.2228125077
1837	0.2228074152
1838	0.2228017464
1839	0.222792837
1840	0.2227868065
1841	0.2227796806
1842	0.2227724294
1843	0.2227631166
1844	0.2227547447
1845	0.2227469618
1846	0.222740807
1847	0.2227329205
1848	0.2227201804
1849	0.2227067434
1850	0.2226988449
1851	0.2226941262
1852	0.2226845938
1853	0.2226752154
1854	0.2226674628
1855	0.2226606542
1856	0.2226528961
1857	0.2226464425
1858	0.2226344237
1859	0.2226269655
1860	0.222619386
1861	0.2226081988
1862	0.2225999644
1863	0.2225907994
1864	0.2225827873
1865	0.2225719441
1866	0.222562364
1867	0.2225544704
1868	0.2225463519
1869	0.2225298726
1870	0.2225094063
1871	0.2225015133
1872	0.2224937084
1873	0.2224803502
1874	0.2224737894
1875	0.2224670045
1876	0.2224518372
1877	0.2224437998
1878	0.2224304744
1879	0.2224240334
1880	0.222414235
1881	0.2224065945
1882	0.2223965072
1883	0.2223826326
1884	0.2223702236
1885	0.2223576708
1886	0.2223486087
1887	0.2223425133
1888	0.2223348833
1889	0.222326594
1890	0.2223162034
1891	0.2223084937
1892	0.2222996342
1893	0.2222908017
1894	0.2222818951
1895	0.222275087
1896	0.2222617968
1897	0.2222530185
1898	0.22224512
1899	0.2222346491
1900	0.2222284604
1901	0.2222204108
1902	0.2222105765
1903	0.2222044763
1904	0.2221954356
1905	0.2221873419
1906	0.2221791209
1907	0.2221727489
1908	0.2221687409
1909	0.2221624172
1910	0.2221536562
1911	0.2221394417
1912	0.2221248875
1913	0.2221124794
1914	0.222100879
1915	0.2220896334
1916	0.2220814775
1917	0.2220738686
1918	0.2220632012
1919	0.2220541789
1920	0.2220489169
1921	0.2220425251
1922	0.2220285011
1923	0.2220202244
1924	0.2220134716
1925	0.2219995902
1926	0.2219933041
1927	0.221987413
1928	0.2219816527
1929	0.2219731479
1930	0.2219660254
1931	0.2219593433
1932	0.2219498325
1933	0.2219371428
1934	0.2219315947
1935	0.2219233219
1936	0.2219074783
1937	0.2218965301
1938	0.221889586
1939	0.2218792033
1940	0.2218680758
1941	0.22185937
1942	0.2218492746
1943	0.2218362149
1944	0.2218291521
1945	0.2218215586
1946	0.2218137393
1947	0.2218067393
1948	0.2217999634
1949	0.2217922231
1950	0.2217867036
1951	0.2217773324
1952	0.2217714703
1953	0.2217650329
1954	0.2217515204
1955	0.221742348
1956	0.2217370634
1957	0.2217306159
1958	0.2217231606
1959	0.2217148431
1960	0.2217067893
1961	0.2216988907
1962	0.2216938705
1963	0.2216715185
1964	0.2216622524
1965	0.2216540136
1966	0.2216414656
1967	0.2216297484
1968	0.2216227384
1969	0.2216101884
1970	0.2215998177
1971	0.2215805181
1972	0.221573325
1973	0.2215648411
1974	0.2215602991
1975	0.2215509581
1976	0.2215442542
1977	0.2215361084
1978	0.2215269415
1979	0.2215170073
1980	0.2215097729
1981	0.2214999543
1982	0.2214939668
1983	0.2214794014
1984	0.2214710864
1985	0.2214627685
1986	0.2214536281
1987	0.2214431342
1988	0.2214326512
1989	0.2214264977
1990	0.221419111
1991	0.2214116549
1992	0.2214052947
1993	0.2213916232
1994	0.2213852014
1995	0.2213647753
1996	0.2213588321
1997	0.2213524436
1998	0.2213398569
1999	0.2213306117
2000	0.2213236598
2001	0.2213137241
2002	0.2213039836
2003	0.2212961627
2004	0.2212901315
2005	0.221284108
2006	0.2212775918
2007	0.2212702827
2008	0.2212624932
2009	0.2212557855
2010	0.221237311
2011	0.2212305655
2012	0.2212220546
2013	0.2212083685
2014	0.221203674
2015	0.2211907186
2016	0.2211818486
2017	0.2211732384
2018	0.2211637793
2019	0.2211563161
2020	0.2211468175
2021	0.2211396565
2022	0.2211316976
2023	0.2211209404
2024	0.2211045125
2025	0.2210904601
2026	0.2210763043
2027	0.2210702018
2028	0.2210629517
2029	0.2210534863
2030	0.2210440731
2031	0.2210359166
2032	0.2210232092
2033	0.2210155647
2034	0.2210026019
2035	0.2209942924
2036	0.2209875994
2037	0.2209839675
2038	0.2209801679
2039	0.2209699046
2040	0.2209628817
2041	0.2209536014
2042	0.2209379275
2043	0.2209308518
2044	0.2209238007
2045	0.2209161871
2046	0.220909576
2047	0.2209031453
2048	0.2208946665
2049	0.2208868119
2050	0.2208692133
2051	0.2208632033
2052	0.2208546456
2053	0.2208444488
2054	0.2208392214
2055	0.2208329082
2056	0.2208198957
2057	0.2208121113
2058	0.2208042084
2059	0.2207986617
2060	0.2207890482
2061	0.220779003
2062	0.2207693356
2063	0.2207559302
2064	0.2207400279
2065	0.220728173
2066	0.2207222255
2067	0.2207131901
2068	0.2207067555
2069	0.2206985783
2070	0.2206936768
2071	0.2206854917
2072	0.2206800675
2073	0.2206701666
2074	0.2206627843
2075	0.2206566104
2076	0.2206487739
2077	0.220641668
2078	0.2206300799
2079	0.220619138
2080	0.2206043418
2081	0.220591698
2082	0.2205795653
2083	0.2205722679
2084	0.2205658343
2085	0.2205612045
2086	0.2205557582
2087	0.2205473369
2088	0.2205426236
2089	0.2205357245
2090	0.2205283772
2091	0.2205233002
2092	0.2205079138
2093	0.2204973964
2094	0.2204859679
2095	0.2204792566
2096	0.2204702033
2097	0.220462959
2098	0.2204551931
2099	0.2204462449
2100	0.2204375991
2101	0.2204280946
2102	0.2204176234
2103	0.2204096197
2104	0.2203980391
2105	0.2203902498
2106	0.2203830028
2107	0.2203769185
2108	0.2203700984
2109	0.220363229
2110	0.2203581093
2111	0.2203520453
2112	0.2203461848
2113	0.220335562
2114	0.220326459
2115	0.2203186316
2116	0.2203103958
2117	0.2202976078
2118	0.2202907106
2119	0.220283735
2120	0.2202773285
2121	0.2202679771
2122	0.2202606697
2123	0.2202535372
2124	0.2202493021
2125	0.2202422837
2126	0.2202360092
2127	0.2202265335
2128	0.2202207916
2129	0.2202133669
2130	0.2202091776
2131	0.2202009586
2132	0.2201936
2133	0.2201814236
2134	0.2201745132
2135	0.2201654135
2136	0.2201600714
2137	0.2201538415
2138	0.2201464384
2139	0.2201397341
2140	0.2201307381
2141	0.2201210953
2142	0.2201110171
2143	0.2201032611
2144	0.2200973487
2145	0.2200907353
2146	0.2200848696
2147	0.2200782592
2148	0.2200631047
2149	0.2200519538
2150	0.2200381181
2151	0.2200283438
2152	0.2200210181
2153	0.2200148588
2154	0.2200042335
2155	0.2199931596
2156	0.2199833069
2157	0.2199764063
2158	0.2199676242
2159	0.2199595374
2160	0.2199500569
2161	0.2199405921
2162	0.2199310343
2163	0.2199235357
2164	0.2199180981
2165	0.2199110332
2166	0.2199040193
2167	0.2198969698
2168	0.2198911593
2169	0.2198818496
2170	0.2198764433
2171	0.219871407
2172	0.2198637753
2173	0.2198578824
2174	0.2198485658
2175	0.2198429327
2176	0.2198355962
2177	0.2198266681
2178	0.2198187466
2179	0.2198129811
2180	0.2198066515
2181	0.2197970032
2182	0.2197896674
2183	0.2197806482
2184	0.2197713363
2185	0.2197642202
2186	0.2197598992
2187	0.2197549899
2188	0.2197480442
2189	0.2197423714
2190	0.2197337606
2191	0.2197264481
2192	0.2197197706
2193	0.2197136137
2194	0.2196998003
2195	0.2196931477
2196	0.2196830678
2197	0.219676551
2198	0.2196686087
2199	0.2196634718
2200	0.2196577852
2201	0.2196470638
2202	0.2196397233
2203	0.219632164
2204	0.2196243722
2205	0.2196110949
2206	0.2196023912
2207	0.2195959789
2208	0.2195897765
2209	0.2195814192
2210	0.2195726271
2211	0.2195616966
2212	0.2195555469
2213	0.2195458959
2214	0.2195367743
2215	0.2195294506
2216	0.2195160221
2217	0.2195064997
2218	0.2194989196
2219	0.2194938258
2220	0.2194842921
2221	0.2194681116
2222	0.2194563802
2223	0.2194437027
2224	0.2194332635
2225	0.2194241001
2226	0.2194110062
2227	0.2194044053
2228	0.2193951994
2229	0.2193882823
2230	0.2193829795
2231	0.2193757025
2232	0.2193689463
2233	0.2193619232
2234	0.2193533666
2235	0.2193432746
2236	0.2193354837
2237	0.2193265628
2238	0.2193193046
2239	0.2193065681
2240	0.2192976417
2241	0.2192897704
2242	0.2192850139
2243	0.2192771987
2244	0.2192722898
2245	0.2192644196
2246	0.2192495059
2247	0.2192421054
2248	0.2192343259
2249	0.219226051
2250	0.2192190764
2251	0.2192122439
2252	0.2192065444
2253	0.2191927842
2254	0.2191871042
2255	0.2191831915
2256	0.2191721277
2257	0.2191639793
2258	0.2191571558
2259	0.2191492941
2260	0.2191367929
2261	0.2191310803
2262	0.2191173729
2263	0.2191105349
2264	0.2191032211
2265	0.2190986931
2266	0.2190922587
2267	0.2190851387
2268	0.2190794838
2269	0.2190709531
2270	0.2190637972
2271	0.2190548457
2272	0.2190470093
2273	0.2190394827
2274	0.2190324596
2275	0.2190234702
2276	0.2190156404
2277	0.2190078584
2278	0.2190017259
2279	0.2189961201
2280	0.2189889499
2281	0.2189764904
2282	0.2189674042
2283	0.2189601264
2284	0.218949763
2285	0.2189326237
2286	0.2189249108
2287	0.2189120156
2288	0.2189006261
2289	0.2188917616
2290	0.2188866091
2291	0.2188821581
2292	0.2188765016
2293	0.2188708135
2294	0.2188648443
2295	0.2188580967
2296	0.2188480857
2297	0.2188433065
2298	0.2188358475
2299	0.2188287654
2300	0.2188178282
2301	0.218807241
2302	0.218799876
2303	0.2187936177
2304	0.2187875177
2305	0.2187809611
2306	0.2187736225
2307	0.2187655912
2308	0.2187590189
2309	0.218750818
2310	0.2187426424
2311	0.2187362236
2312	0.2187250213
2313	0.218720444
2314	0.2187120681
2315	0.2187049608
2316	0.2186953927
2317	0.2186836272
2318	0.2186773063
2319	0.2186698273
2320	0.2186641767
2321	0.2186554696
2322	0.2186426565
2323	0.218633048
2324	0.2186273777
2325	0.2186161847
2326	0.2186091082
2327	0.2186026185
2328	0.218597677
2329	0.2185888143
2330	0.2185830594
2331	0.218575562
2332	0.2185697618
2333	0.2185630201
2334	0.2185569385
2335	0.2185509175
2336	0.218544421
2337	0.2185382979
2338	0.2185299666
2339	0.2185249847
2340	0.2185177432
2341	0.2185103
2342	0.2185020787
2343	0.2184947227
2344	0.2184864807
2345	0.218481514
2346	0.2184758872
2347	0.2184708476
2348	0.2184652759
2349	0.2184609907
2350	0.2184550788
2351	0.2184485602
2352	0.2184414182
2353	0.2184367493
2354	0.2184308244
2355	0.2184242729
2356	0.2184166765
2357	0.2184123764
2358	0.218404429
2359	0.2183997309
2360	0.2183934331
2361	0.2183853546
2362	0.2183796136
2363	0.2183704872
2364	0.2183644086
2365	0.2183563051
2366	0.2183459811
2367	0.2183380707
2368	0.2183307007
2369	0.2183190824
2370	0.2183122966
2371	0.2183015395
2372	0.2182971429
2373	0.2182894974
2374	0.2182790541
2375	0.2182674591
2376	0.2182617384
2377	0.2182522554
2378	0.2182461989
2379	0.2182390466
2380	0.2182324742
2381	0.2182272666
2382	0.2182163992
2383	0.2182060468
2384	0.2181988304
2385	0.218188631
2386	0.2181795205
2387	0.218164798
2388	0.2181594295
2389	0.2181535138
2390	0.2181489388
2391	0.2181436268
2392	0.2181339676
2393	0.2181291713
2394	0.21812313
2395	0.2181159741
2396	0.2181062236
2397	0.2180960391
2398	0.2180887218
2399	0.2180816319
2400	0.2180718844
2401	0.2180650925
2402	0.2180581469
2403	0.218049977
2404	0.2180421018
2405	0.2180338321
2406	0.218028084
2407	0.218020027
2408	0.2180128066
2409	0.2180021057
2410	0.2179943442
2411	0.2179878089
2412	0.2179812794
2413	0.2179732522
2414	0.2179661163
2415	0.2179607647
2416	0.2179533697
2417	0.217947057
2418	0.2179395671
2419	0.2179304831
2420	0.2179196929
2421	0.2179097583
2422	0.2179007743
2423	0.2178908408
2424	0.2178837
2425	0.2178774047
2426	0.2178721142
2427	0.217862996
2428	0.2178558238
2429	0.2178514637
2430	0.2178450422
2431	0.2178396126
2432	0.217832614
2433	0.2178181906
2434	0.2178104106
2435	0.2178035653
2436	0.217797532
2437	0.2177895863
2438	0.2177817192
2439	0.2177785052
2440	0.2177720105
2441	0.2177674782
2442	0.2177624672
2443	0.2177562075
2444	0.2177506136
2445	0.2177449497
2446	0.2177405054
2447	0.217729273
2448	0.2177181238
2449	0.2177128445
2450	0.2177055689
2451	0.2176995155
2452	0.2176956755
2453	0.2176885375
2454	0.2176825107
2455	0.2176737208
2456	0.217666391
2457	0.2176600312
2458	0.2176473288
2459	0.217639554
2460	0.217631875
2461	0.21762601
2462	0.2176206217
2463	0.2176128271
2464	0.2176071796
2465	0.2176019166
2466	0.2175857623
2467	0.2175801399
2468	0.2175739543
2469	0.2175665643
2470	0.2175564116
2471	0.2175486422
2472	0.2175417262
2473	0.2175375687
2474	0.2175321952
2475	0.2175265042
2476	0.2175212328
2477	0.2175148524
2478	0.2175039233
2479	0.2174952592
2480	0.217489468
2481	0.2174815483
2482	0.2174756437
2483	0.2174698289
2484	0.2174634145
2485	0.2174580152
2486	0.2174485868
2487	0.2174417595
2488	0.2174341524
2489	0.2174282941
2490	0.2174241092
2491	0.2174139191
2492	0.2174068852
2493	0.2173987928
2494	0.2173908105
2495	0.2173850255
2496	0.2173802278
2497	0.217375043
2498	0.2173673434
2499	0.2173615851
2500	0.217354218
2501	0.2173468602
2502	0.2173391119
2503	0.2173348673
2504	0.2173278768
2505	0.2173195338
2506	0.217313654
2507	0.2173059184
2508	0.2172998745
2509	0.2172936663
2510	0.2172871857
2511	0.2172768455
2512	0.2172661794
2513	0.2172563138
2514	0.2172493034
2515	0.2172448107
2516	0.2172378978
2517	0.2172292665
2518	0.2172231292
2519	0.2172168026
2520	0.2172076479
2521	0.2171989933
2522	0.2171881148
2523	0.2171792459
2524	0.2171729774
2525	0.2171668858
2526	0.2171612916
2527	0.217153317
2528	0.2171488988
2529	0.2171434266
2530	0.2171365361
2531	0.2171309736
2532	0.2171249946
2533	0.2171197625
2534	0.2171152998
2535	0.2171086272
2536	0.2170984544
2537	0.2170919474
2538	0.2170810836
2539	0.2170742716
2540	0.2170648088
2541	0.217055554
2542	0.217049379
2543	0.2170406211
2544	0.2170339348
2545	0.2170277489
2546	0.2170191554
2547	0.2170133307
2548	0.2170081666
2549	0.2170025242
2550	0.2169965357
2551	0.2169880057
2552	0.2169829699
2553	0.2169783705
2554	0.2169716243
2555	0.2169644756
2556	0.2169568358
2557	0.2169508623
2558	0.2169446749
2559	0.216940026
2560	0.2169315601
2561	0.2169269139
2562	0.2169206642
2563	0.2169130022
2564	0.2169029094
2565	0.2168952174
2566	0.2168894766
2567	0.2168833517
2568	0.2168787615
2569	0.2168724553
2570	0.2168643091
2571	0.2168585047
2572	0.2168403963
2573	0.2168347338
2574	0.2168270808
2575	0.2168199264
2576	0.2168095812
2577	0.2167984536
2578	0.2167931101
2579	0.2167850926
2580	0.2167809253
2581	0.2167713828
2582	0.216764883
2583	0.2167590135
2584	0.2167512585
2585	0.2167455354
2586	0.2167362926
2587	0.216730774
2588	0.2167247271
2589	0.2167165286
2590	0.2167083239
2591	0.2167010298
2592	0.2166934252
2593	0.216686806
2594	0.216680973
2595	0.2166722124
2596	0.2166654392
2597	0.2166574488
2598	0.2166511727
2599	0.2166450456
2600	0.2166372803
2601	0.2166324144
2602	0.216624938
2603	0.2166172363
2604	0.2166098764
2605	0.2166025823
2606	0.2165971366
2607	0.2165908744
2608	0.216584876
2609	0.2165762282
2610	0.2165707001
2611	0.2165640546
2612	0.2165561134
2613	0.2165494969
2614	0.2165444977
2615	0.2165402089
2616	0.2165330786
2617	0.2165277519
2618	0.2165221624
2619	0.2165147652
2620	0.2165078838
2621	0.2165026024
2622	0.2164989261
2623	0.2164938471
2624	0.2164845132
2625	0.2164775829
2626	0.2164687159
2627	0.2164621756
2628	0.2164511779
2629	0.216442404
2630	0.2164380137
2631	0.2164332781
2632	0.2164271364
2633	0.2164205832
2634	0.2164157016
2635	0.2164098297
2636	0.2164037309
2637	0.2163981162
2638	0.2163917658
2639	0.2163849441
2640	0.2163772828
2641	0.2163708219
2642	0.2163634162
2643	0.2163525454
2644	0.2163467262
2645	0.2163362228
2646	0.216327288
2647	0.2163217982
2648	0.2163164582
2649	0.2163112446
2650	0.2163043844
2651	0.2162952022
2652	0.2162901428
2653	0.2162812071
2654	0.2162753901
2655	0.2162676146
2656	0.2162574201
2657	0.2162482863
2658	0.2162335305
2659	0.2162267856
2660	0.2162208482
2661	0.2162145372
2662	0.2162047286
2663	0.2161996698
2664	0.2161936214
2665	0.2161879669
2666	0.2161776991
2667	0.2161684705
2668	0.2161622702
2669	0.216157078
2670	0.2161536763
2671	0.216147275
2672	0.216139154
2673	0.2161306931
2674	0.2161249626
2675	0.2161182029
2676	0.2161129346
2677	0.2161067763
2678	0.2160989586
2679	0.2160923844
2680	0.2160778643
2681	0.2160724498
2682	0.2160673117
2683	0.2160591213
2684	0.2160523523
2685	0.2160469318
2686	0.2160403478
2687	0.2160358305
2688	0.2160307462
2689	0.2160241114
2690	0.2160187488
2691	0.2160134512
2692	0.2160091252
2693	0.2159985022
2694	0.2159941351
2695	0.2159899621
2696	0.2159807819
2697	0.2159740703
2698	0.2159669009
2699	0.2159604637
2700	0.2159538927
2701	0.2159484736
2702	0.2159410711
2703	0.21593527
2704	0.2159252401
2705	0.215917953
2706	0.2159124599
2707	0.2159057481
2708	0.2159006163
2709	0.2158930517
2710	0.2158864871
2711	0.2158810409
2712	0.2158760647
2713	0.215870212
2714	0.2158637115
2715	0.2158577518
2716	0.2158530794
2717	0.2158459101
2718	0.2158406809
2719	0.2158295372
2720	0.2158221451
2721	0.2158165582
2722	0.2158113118
2723	0.2158048513
2724	0.2157977901
2725	0.2157911701
2726	0.2157863824
2727	0.2157804733
2728	0.2157747185
2729	0.2157702939
2730	0.2157638747
2731	0.2157598328
2732	0.2157550528
2733	0.215749615
2734	0.2157437949
2735	0.2157342335
2736	0.2157267051
2737	0.2157206638
2738	0.2157169316
2739	0.2157117164
2740	0.2157033229
2741	0.2156960177
2742	0.2156888832
2743	0.2156831122
2744	0.2156778216
2745	0.215671765
2746	0.2156648125
2747	0.2156599847
2748	0.2156553911
2749	0.2156490674
2750	0.2156422516
2751	0.2156363006
2752	0.2156301077
2753	0.215625842
2754	0.2156190366
2755	0.2156154448
2756	0.215608869
2757	0.2156043892
2758	0.2155977382
2759	0.2155938028
2760	0.2155846338
2761	0.2155780796
2762	0.2155723193
2763	0.2155668837
2764	0.2155617472
2765	0.2155551416
2766	0.2155470092
2767	0.2155370132
2768	0.2155301072
2769	0.2155258211
2770	0.2155214719
2771	0.2155128153
2772	0.2155075653
2773	0.2155027468
2774	0.215497519
2775	0.2154920472
2776	0.2154841506
2777	0.2154749662
2778	0.2154687614
2779	0.2154631752
2780	0.2154577219
2781	0.215448655
2782	0.2154415946
2783	0.2154369607
2784	0.2154327486
2785	0.2154278785
2786	0.2154225274
2787	0.2154152261
2788	0.215405125
2789	0.2153994358
2790	0.2153931057
2791	0.2153815548
2792	0.2153761219
2793	0.2153719152
2794	0.2153681203
2795	0.2153634328
2796	0.2153594596
2797	0.2153542457
2798	0.2153498489
2799	0.215344698
2800	0.2153391738
2801	0.2153334524
2802	0.2153256297
2803	0.2153185226
2804	0.2153113209
2805	0.2153062967
2806	0.2153002515
2807	0.2152932232
2808	0.2152842665
2809	0.2152790346
2810	0.2152731574
2811	0.2152671963
2812	0.2152617733
2813	0.2152546592
2814	0.2152499661
2815	0.2152450249
2816	0.2152368211
2817	0.2152320786
2818	0.2152223971
2819	0.2152164441
2820	0.2152127674
2821	0.2152088471
2822	0.2152031728
2823	0.2151955968
2824	0.2151905269
2825	0.21518372
2826	0.2151780714
2827	0.2151727077
2828	0.2151666017
2829	0.2151631984
2830	0.2151582085
2831	0.2151550901
2832	0.2151482438
2833	0.2151431773
2834	0.2151371949
2835	0.2151287362
2836	0.215122112
2837	0.2151141503
2838	0.215102959
2839	0.2150943848
2840	0.2150820038
2841	0.2150762192
2842	0.2150670788
2843	0.2150583216
2844	0.215053272
2845	0.2150479792
2846	0.2150407892
2847	0.2150342232
2848	0.2150287707
2849	0.2150230146
2850	0.2150164121
2851	0.2150069218
2852	0.2150003708
2853	0.2149935212
2854	0.214988482
2855	0.2149835403
2856	0.2149741848
2857	0.2149682834
2858	0.2149630235
2859	0.2149563193
2860	0.2149497146
2861	0.2149444067
2862	0.2149388506
2863	0.2149325372
2864	0.2149271932
2865	0.2149205604
2866	0.2149151482
2867	0.2149084277
2868	0.2149012378
2869	0.2148973743
2870	0.2148922146
2871	0.214881217
2872	0.2148756984
2873	0.2148701066
2874	0.2148647597
2875	0.2148587075
2876	0.214854012
2877	0.21484837
2878	0.214844099
2879	0.2148378265
2880	0.2148273726
2881	0.2148226847
2882	0.2148145763
2883	0.2148102724
2884	0.2148059488
2885	0.2147996263
2886	0.2147918115
2887	0.2147854733
2888	0.214777666
2889	0.2147723203
2890	0.214765973
2891	0.2147593239
2892	0.2147502189
2893	0.2147461179
2894	0.2147421224
2895	0.2147374051
2896	0.2147328173
2897	0.2147256745
2898	0.2147197083
2899	0.2147129204
2900	0.2147086155
2901	0.2147019065
2902	0.2146978011
2903	0.2146921496
2904	0.2146862126
2905	0.2146814469
2906	0.214673796
2907	0.2146661005
2908	0.2146605631
2909	0.214654865
2910	0.2146422169
2911	0.2146346801
2912	0.214626118
2913	0.2146212651
2914	0.2146160168
2915	0.2146108689
2916	0.2146035657
2917	0.2145975265
2918	0.2145917609
2919	0.2145857006
2920	0.2145813815
2921	0.2145748659
2922	0.2145682811
2923	0.2145618
2924	0.2145581809
2925	0.2145523481
2926	0.2145451048
2927	0.214540281
2928	0.2145322689
2929	0.2145230229
2930	0.2145103764
2931	0.2145051907
2932	0.2144949522
2933	0.214490306
2934	0.2144851519
2935	0.2144784542
2936	0.2144714738
2937	0.2144638062
2938	0.2144570154
2939	0.2144513869
2940	0.2144443307
2941	0.2144393567
2942	0.2144333633
2943	0.2144265455
2944	0.2144213673
2945	0.2144148885
2946	0.2144097716
2947	0.2144042219
2948	0.2143994346
2949	0.2143945899
2950	0.2143846971
2951	0.2143767623
2952	0.2143703944
2953	0.214363085
2954	0.2143552406
2955	0.2143465464
2956	0.2143404371
2957	0.2143347223
2958	0.2143299003
2959	0.2143240836
2960	0.2143181032
2961	0.2143131105
2962	0.2143073764
2963	0.2143018446
2964	0.2142952099
2965	0.2142890738
2966	0.2142839561
2967	0.2142787377
2968	0.21426695
2969	0.2142620641
2970	0.2142552922
2971	0.2142509076
2972	0.2142446552
2973	0.2142394735
2974	0.2142355498
2975	0.2142222362
2976	0.2142177323
2977	0.2142118502
2978	0.214204536
2979	0.2141977134
2980	0.2141903537
2981	0.2141841192
2982	0.2141770954
2983	0.2141685062
2984	0.2141645594
2985	0.2141588706
2986	0.2141537544
2987	0.2141469628
2988	0.2141389101
2989	0.2141301149
2990	0.214118123
2991	0.214111489
2992	0.2141045705
2993	0.2140982238
2994	0.2140923689
2995	0.214087267
2996	0.2140798534
2997	0.2140748689
2998	0.2140686402
2999	0.2140621266
3000	0.2140531711
3001	0.2140475474
3002	0.2140431159
3003	0.2140376368
3004	0.2140309644
3005	0.2140266248
3006	0.2140226105
3007	0.2140174491
3008	0.2140106322
3009	0.2140001707
3010	0.2139952677
3011	0.2139888573
3012	0.2139804823
3013	0.2139761144
3014	0.2139696404
3015	0.2139612246
3016	0.2139505783
3017	0.2139398257
3018	0.2139346866
3019	0.2139252643
3020	0.2139181456
3021	0.2139122278
3022	0.2139079732
3023	0.2139022012
3024	0.2138964352
3025	0.2138915615
3026	0.2138838276
3027	0.2138782031
3028	0.2138738832
3029	0.2138675755
3030	0.213859626
3031	0.2138544095
3032	0.2138495604
3033	0.2138455026
3034	0.2138394972
3035	0.2138332166
3036	0.2138274804
3037	0.2138245293
3038	0.2138201712
3039	0.2138136878
3040	0.2138086733
3041	0.213805714
3042	0.2137981583
3043	0.2137916989
3044	0.2137857435
3045	0.2137780478
3046	0.2137734321
3047	0.2137651587
3048	0.2137599747
3049	0.2137543459
3050	0.2137488817
3051	0.2137411879
3052	0.2137314413
3053	0.2137250687
3054	0.2137179605
3055	0.2137120253
3056	0.2137047754
3057	0.213699667
3058	0.2136928569
3059	0.2136866535
3060	0.2136799326
3061	0.2136705845
3062	0.2136638623
3063	0.2136572854
3064	0.2136510509
3065	0.2136440573
3066	0.2136395939
3067	0.2136315704
3068	0.2136241808
3069	0.2136185666
3070	0.2136137444
3071	0.2136080383
3072	0.2136017273
3073	0.2135955446
3074	0.2135905514
3075	0.2135843069
3076	0.2135788183
3077	0.213571501
3078	0.2135668408
3079	0.213562676
3080	0.2135559494
3081	0.2135449575
3082	0.2135389573
3083	0.2135344497
3084	0.2135274957
3085	0.2135226159
3086	0.2135182025
3087	0.2135137005
3088	0.2135025428
3089	0.2134969976
3090	0.213487537
3091	0.213483445
3092	0.2134776795
3093	0.2134717801
3094	0.213466562
3095	0.2134603288
3096	0.2134547924
3097	0.2134502402
3098	0.2134436863
3099	0.2134388677
3100	0.2134336046
3101	0.2134277572
3102	0.2134193893
3103	0.2134130124
3104	0.2134079943
3105	0.2133996887
3106	0.2133930408
3107	0.2133885886
3108	0.213381907
3109	0.213375776
3110	0.2133689749
3111	0.2133622993
3112	0.2133572085
3113	0.2133414104
3114	0.2133347273
3115	0.2133293978
3116	0.213322999
3117	0.213316309
3118	0.2133094853
3119	0.2133056478
3120	0.2133011996
3121	0.2132962633
3122	0.21329038
3123	0.2132863638
3124	0.2132796673
3125	0.2132748409
3126	0.2132697349
3127	0.2132610663
3128	0.213253908
3129	0.2132486192
3130	0.2132421425
3131	0.2132352835
3132	0.213225914
3133	0.2132215727
3134	0.2132171679
3135	0.2132133417
3136	0.2132078721
3137	0.2132018448
3138	0.2131954233
3139	0.2131907688
3140	0.2131810718
3141	0.2131752399
3142	0.213167891
3143	0.213162102
3144	0.2131531522
3145	0.2131475991
3146	0.2131418871
3147	0.2131365493
3148	0.213132274
3149	0.2131247961
3150	0.2131190223
3151	0.2131135196
3152	0.2131075746
3153	0.2130985347
3154	0.2130909935
3155	0.2130835002
3156	0.2130768835
3157	0.2130700998
3158	0.2130667942
3159	0.213061894
3160	0.213056897
3161	0.213052031
3162	0.2130472764
3163	0.2130392105
3164	0.2130347387
3165	0.2130291107
3166	0.2130224013
3167	0.2130184092
3168	0.2130108971
3169	0.2129984702
3170	0.2129932212
3171	0.2129888047
3172	0.2129837671
3173	0.2129764597
3174	0.2129718249
3175	0.2129622446
3176	0.212957498
3177	0.2129507426
3178	0.2129441794
3179	0.2129372218
3180	0.2129289564
3181	0.2129235361
3182	0.212915901
3183	0.2129103328
3184	0.2129049788
3185	0.212900865
3186	0.2128961884
3187	0.2128906431
3188	0.2128852614
3189	0.212879778
3190	0.2128755637
3191	0.2128688332
3192	0.2128622084
3193	0.2128569113
3194	0.2128513918
3195	0.2128428245
3196	0.2128372738
3197	0.2128321101
3198	0.2128191341
3199	0.2128137797
3200	0.2128088054
3201	0.2128009375
3202	0.2127944054
3203	0.2127881916
3204	0.2127830081
3205	0.2127777405
3206	0.2127726179
3207	0.2127669925
3208	0.2127614264
3209	0.2127578045
3210	0.2127494534
3211	0.2127430553
3212	0.2127385055
3213	0.2127323246
3214	0.212727319
3215	0.2127223545
3216	0.212714964
3217	0.2127096183
3218	0.2127055693
3219	0.212699327
3220	0.2126923542
3221	0.2126883478
3222	0.21267699
3223	0.2126728392
3224	0.2126649133
3225	0.2126564438
3226	0.2126528401
3227	0.212647414
3228	0.2126406652
3229	0.2126345847
3230	0.2126297159
3231	0.2126256005
3232	0.2126196214
3233	0.212612935
3234	0.2126027171
3235	0.2125946356
3236	0.2125885677
3237	0.2125840298
3238	0.2125762487
3239	0.2125701312
3240	0.2125664742
3241	0.2125587339
3242	0.2125512124
3243	0.2125451319
3244	0.212536155
3245	0.2125300748
3246	0.2125242612
3247	0.2125193097
3248	0.2125136409
3249	0.2125081257
3250	0.2125001628
3251	0.2124945041
3252	0.2124879465
3253	0.2124834355
3254	0.2124790739
3255	0.2124746445
3256	0.2124678847
3257	0.2124603139
3258	0.2124528024
3259	0.2124461082
3260	0.2124418996
3261	0.2124374859
3262	0.2124336317
3263	0.2124281317
3264	0.2124232926
3265	0.2124180762
3266	0.2124141742
3267	0.2124106632
3268	0.2124042899
3269	0.2123968221
3270	0.2123913566
3271	0.2123850846
3272	0.2123809393
3273	0.2123740684
3274	0.212368053
3275	0.21236264
3276	0.2123580418
3277	0.2123511122
3278	0.2123461789
3279	0.2123416711
3280	0.2123346691
3281	0.2123308856
3282	0.2123269168
3283	0.2123222917
3284	0.2123167252
3285	0.212311422
3286	0.2123048878
3287	0.2122992584
3288	0.2122929597
3289	0.2122845821
3290	0.2122807039
3291	0.2122746775
3292	0.2122672134
3293	0.212261873
3294	0.2122568584
3295	0.212253034
3296	0.2122461846
3297	0.2122394102
3298	0.2122347842
3299	0.2122300448
3300	0.2122248197
3301	0.2122203584
3302	0.212215822
3303	0.212208732
3304	0.2122026989
3305	0.2121972603
3306	0.2121935603
3307	0.2121891759
3308	0.2121833934
3309	0.2121782426
3310	0.2121732537
3311	0.2121678553
3312	0.2121627053
3313	0.2121576263
3314	0.2121530262
3315	0.2121497466
3316	0.212144192
3317	0.2121366909
3318	0.212129663
3319	0.2121242013
3320	0.21211938
3321	0.2121148342
3322	0.2121082471
3323	0.2121044038
3324	0.2120975448
3325	0.2120925434
3326	0.2120879557
3327	0.2120818496
3328	0.2120746812
3329	0.2120699931
3330	0.2120646271
3331	0.2120591036
3332	0.2120537617
3333	0.212048087
3334	0.2120437933
3335	0.2120383153
3336	0.2120322149
3337	0.2120283489
3338	0.2120234338
3339	0.2120199277
3340	0.212016509
3341	0.212010463
3342	0.2120046437
3343	0.2119987515
3344	0.2119928809
3345	0.2119879536
3346	0.2119816126
3347	0.2119752758
3348	0.2119700996
3349	0.2119643223
3350	0.2119581895
3351	0.2119524077
3352	0.2119452419
3353	0.2119383112
3354	0.2119321803
3355	0.2119274705
3356	0.2119231401
3357	0.2119189569
3358	0.2119147775
3359	0.2119075901
3360	0.2118998626
3361	0.2118939972
3362	0.2118891455
3363	0.2118836532
3364	0.2118782235
3365	0.2118745247
3366	0.2118686847
3367	0.2118621275
3368	0.2118566441
3369	0.2118510979
3370	0.2118416887
3371	0.2118360773
3372	0.211827905
3373	0.2118245153
3374	0.2118190735
3375	0.2118127186
3376	0.211806811
3377	0.2118030767
3378	0.2117972094
3379	0.2117914122
3380	0.2117865365
3381	0.2117813413
3382	0.2117761583
3383	0.2117698629
3384	0.2117633248
3385	0.2117582852
3386	0.211754616
3387	0.211749611
3388	0.2117441573
3389	0.2117409145
3390	0.2117353958
3391	0.2117299315
3392	0.2117248557
3393	0.2117202313
3394	0.2117150896
3395	0.2117093818
3396	0.2117057634
3397	0.2117009826
3398	0.2116950597
3399	0.2116897819
3400	0.2116836168
3401	0.211678686
3402	0.2116702655
3403	0.2116629168
3404	0.211657149
3405	0.2116503012
3406	0.2116441824
3407	0.2116409057
3408	0.2116349912
3409	0.2116298153
3410	0.2116244313
3411	0.211616895
3412	0.2116102027
3413	0.2116050253
3414	0.2115991983
3415	0.2115938094
3416	0.2115891049
3417	0.211584017
3418	0.2115807963
3419	0.2115748698
3420	0.2115687773
3421	0.211563972
3422	0.2115591904
3423	0.2115539799
3424	0.2115478704
3425	0.2115417834
3426	0.2115365574
3427	0.211531463
3428	0.2115255754
3429	0.2115195257
3430	0.2115138729
3431	0.2115085227
3432	0.2115030487
3433	0.2114937518
3434	0.211488269
3435	0.2114817446
3436	0.2114771128
3437	0.2114732779
3438	0.2114680464
3439	0.2114575519
3440	0.21145356
3441	0.2114487352
3442	0.2114441596
3443	0.2114382553
3444	0.211432615
3445	0.2114289457
3446	0.2114249927
3447	0.2114154477
3448	0.2114108848
3449	0.2114065911
3450	0.2114017297
3451	0.211394579
3452	0.2113898206
3453	0.2113831041
3454	0.2113768326
3455	0.2113719913
3456	0.2113661668
3457	0.2113606192
3458	0.2113571222
3459	0.2113507524
3460	0.2113460253
3461	0.2113416034
3462	0.2113358403
3463	0.2113292456
3464	0.2113240747
3465	0.2113157193
3466	0.2113112232
3467	0.211305682
3468	0.2113000921
3469	0.2112953622
3470	0.2112880294
3471	0.2112799822
3472	0.2112723212
3473	0.2112684373
3474	0.2112630282
3475	0.2112570832
3476	0.2112523517
3477	0.2112488704
3478	0.2112441977
3479	0.21123896
3480	0.2112344408
3481	0.2112303464
3482	0.2112261136
3483	0.2112205855
3484	0.2112122389
3485	0.2112053006
3486	0.211197802
3487	0.2111931989
3488	0.2111871875
3489	0.2111820492
3490	0.2111766545
3491	0.2111707018
3492	0.2111624
3493	0.2111547254
3494	0.2111491825
3495	0.2111446835
3496	0.2111396375
3497	0.2111339195
3498	0.2111264713
3499	0.211120359
3500	0.2111150564
3501	0.2111101583
3502	0.2111039807
3503	0.2110953752
3504	0.2110880612
3505	0.2110828239
3506	0.2110783661
3507	0.2110735345
3508	0.2110681073
3509	0.2110620129
3510	0.2110546784
3511	0.2110495319
3512	0.2110440083
3513	0.2110367596
3514	0.211032182
3515	0.2110262124
3516	0.2110194721
3517	0.2110120578
3518	0.2110065895
3519	0.210999443
3520	0.2109925571
3521	0.2109867447
3522	0.2109799113
3523	0.2109763969
3524	0.210968252
3525	0.2109601656
3526	0.2109555711
3527	0.2109501502
3528	0.2109440018
3529	0.2109396772
3530	0.2109350019
3531	0.2109293544
3532	0.2109244963
3533	0.2109188635
3534	0.2109119861
3535	0.2109072625
3536	0.2109015116
3537	0.2108963974
3538	0.2108900915
3539	0.2108840196
3540	0.2108768631
3541	0.2108705245
3542	0.2108642705
3543	0.2108591517
3544	0.2108549755
3545	0.2108456732
3546	0.2108406026
3547	0.2108359
3548	0.2108300572
3549	0.2108232717
3550	0.2108184756
3551	0.2108118571
3552	0.210804943
3553	0.2108009789
3554	0.210795362
3555	0.2107890549
3556	0.2107831471
3557	0.2107778729
3558	0.2107722142
3559	0.2107679529
3560	0.2107643011
3561	0.210759611
3562	0.2107531528
3563	0.2107477167
3564	0.2107435622
3565	0.2107378992
3566	0.2107304742
3567	0.2107262711
3568	0.2107205939
3569	0.2107157408
3570	0.2107102015
3571	0.2107012448
3572	0.2106971212
3573	0.2106896017
3574	0.2106835502
3575	0.210677399
3576	0.2106721976
3577	0.210665735
3578	0.2106593838
3579	0.2106539179
3580	0.210649314
3581	0.2106434369
3582	0.2106356751
3583	0.2106300779
3584	0.2106252581
3585	0.2106198518
3586	0.2106141721
3587	0.2106078007
3588	0.2106032227
3589	0.2105980055
3590	0.2105937543
3591	0.2105897568
3592	0.2105844228
3593	0.2105795669
3594	0.2105722563
3595	0.210567185
3596	0.2105617107
3597	0.2105560771
3598	0.2105524079
3599	0.2105473073
3600	0.2105412528
3601	0.2105362303
3602	0.21053132
3603	0.2105245125
3604	0.2105183467
3605	0.2105120034
3606	0.210507576
3607	0.210504022
3608	0.2104993306
3609	0.2104941848
3610	0.2104900108
3611	0.2104849627
3612	0.2104781238
3613	0.2104715539
3614	0.2104663229
3615	0.210460738
3616	0.2104554988
3617	0.2104424642
3618	0.2104363102
3619	0.2104310732
3620	0.2104252145
3621	0.2104202009
3622	0.2104137904
3623	0.2104078795
3624	0.2104024416
3625	0.2103972592
3626	0.2103907117
3627	0.2103846158
3628	0.2103780934
3629	0.210372607
3630	0.2103640819
3631	0.2103590389
3632	0.2103539277
3633	0.2103509216
3634	0.2103456338
3635	0.2103400113
3636	0.2103363754
3637	0.2103307936
3638	0.2103247523
3639	0.210318425
3640	0.2103132927
3641	0.2103080713
3642	0.210299151
3643	0.2102918007
3644	0.2102871536
3645	0.2102800743
3646	0.2102743126
3647	0.2102708467
3648	0.2102653604
3649	0.2102608226
3650	0.2102559832
3651	0.2102520479
3652	0.2102475095
3653	0.2102417383
3654	0.2102372893
3655	0.2102306425
3656	0.2102255957
3657	0.2102213637
3658	0.2102175749
3659	0.210211263
3660	0.2102057569
3661	0.2101987524
3662	0.2101939188
3663	0.2101882572
3664	0.2101821808
3665	0.2101742316
3666	0.2101682109
3667	0.2101612777
3668	0.2101555799
3669	0.2101509431
3670	0.2101467079
3671	0.210140825
3672	0.2101359441
3673	0.2101305637
3674	0.2101259339
3675	0.2101211397
3676	0.2101167257
3677	0.2101122187
3678	0.2101069368
3679	0.2101023123
3680	0.2100972483
3681	0.2100919984
3682	0.2100872185
3683	0.2100791796
3684	0.210074078
3685	0.2100682334
3686	0.2100632756
3687	0.2100561588
3688	0.2100520309
3689	0.2100482121
3690	0.2100443285
3691	0.2100406436
3692	0.2100372465
3693	0.21003134
3694	0.210026036
3695	0.210020602
3696	0.2100172798
3697	0.2100128998
3698	0.2100068879
3699	0.210002605
3700	0.2099967242
3701	0.2099898722
3702	0.2099857237
3703	0.2099803167
3704	0.2099751461
3705	0.2099696498
3706	0.2099626858
3707	0.2099583832
3708	0.2099532952
3709	0.2099467664
3710	0.2099416238
3711	0.2099362736
3712	0.2099316531
3713	0.2099269297
3714	0.2099222933
3715	0.2099132778
3716	0.2099092337
3717	0.2099012759
3718	0.2098950945
3719	0.2098899807
3720	0.2098839543
3721	0.2098787608
3722	0.2098738312
3723	0.2098683935
3724	0.2098638037
3725	0.2098580595
3726	0.2098527779
3727	0.2098487388
3728	0.2098435946
3729	0.2098391484
3730	0.2098343546
3731	0.2098290054
3732	0.2098235208
3733	0.209819212
3734	0.209813862
3735	0.2098090223
3736	0.2098028265
3737	0.2097977564
3738	0.2097925463
3739	0.2097857786
3740	0.2097806224
3741	0.2097755799
3742	0.2097695488
3743	0.2097645463
3744	0.2097590193
3745	0.2097562651
3746	0.209751369
3747	0.2097481713
3748	0.2097445912
3749	0.2097414697
3750	0.2097365877
3751	0.2097317886
3752	0.2097252362
3753	0.2097214002
3754	0.2097169901
3755	0.2097120286
3756	0.209706597
3757	0.2097007111
3758	0.2096959707
3759	0.2096896301
3760	0.2096837296
3761	0.2096799686
3762	0.209673895
3763	0.2096671757
3764	0.2096630888
3765	0.2096577352
3766	0.2096521434
3767	0.2096460669
3768	0.2096407506
3769	0.2096342944
3770	0.2096283943
3771	0.2096222787
3772	0.2096167238
3773	0.2096102479
3774	0.2096016004
3775	0.2095946426
3776	0.2095877255
3777	0.2095818426
3778	0.2095749087
3779	0.2095695648
3780	0.2095650008
3781	0.2095603788
3782	0.2095544139
3783	0.2095488302
3784	0.209543983
3785	0.2095405677
3786	0.2095339324
3787	0.2095285612
3788	0.2095215027
3789	0.2095165839
3790	0.2095114089
3791	0.2095058296
3792	0.2094987426
3793	0.209493858
3794	0.2094891767
3795	0.2094827683
3796	0.2094786548
3797	0.2094730189
3798	0.2094674006
3799	0.2094620303
3800	0.2094549677
3801	0.2094512157
3802	0.209446326
3803	0.2094413055
3804	0.2094359004
3805	0.2094310375
3806	0.2094238593
3807	0.2094174221
3808	0.2094083208
3809	0.2094044987
3810	0.2093992995
3811	0.2093936644
3812	0.2093874982
3813	0.2093823813
3814	0.2093774079
3815	0.2093714833
3816	0.2093653888
3817	0.2093591423
3818	0.209355161
3819	0.2093497651
3820	0.2093425932
3821	0.2093387598
3822	0.2093312929
3823	0.2093258889
3824	0.2093211119
3825	0.2093160044
3826	0.2093101087
3827	0.2093033065
3828	0.2092984931
3829	0.2092919396
3830	0.20928762
3831	0.2092840486
3832	0.209279397
3833	0.2092742628
3834	0.2092695288
3835	0.2092645652
3836	0.2092581195
3837	0.2092529633
3838	0.2092475808
3839	0.2092360676
3840	0.2092315009
3841	0.2092272891
3842	0.2092206704
3843	0.2092160115
3844	0.2092102264
3845	0.2092053015
3846	0.2092020369
3847	0.209196777
3848	0.2091919222
3849	0.2091878423
3850	0.2091828909
3851	0.2091770205
3852	0.2091701835
3853	0.2091660381
3854	0.2091614612
3855	0.2091567164
3856	0.2091526482
3857	0.2091463665
3858	0.2091419574
3859	0.2091377585
3860	0.2091332335
3861	0.2091280621
3862	0.2091245853
3863	0.2091206764
3864	0.2091165596
3865	0.2091119847
3866	0.2091062873
3867	0.2091010789
3868	0.2090970032
3869	0.2090916285
3870	0.2090844214
3871	0.2090803078
3872	0.2090750427
3873	0.2090693399
3874	0.2090648166
3875	0.2090592316
3876	0.2090548878
3877	0.2090488028
3878	0.2090437802
3879	0.2090355569
3880	0.2090312381
3881	0.2090257591
3882	0.2090214459
3883	0.2090164283
3884	0.2090124444
3885	0.2090065049
3886	0.2089986395
3887	0.2089923526
3888	0.208986887
3889	0.2089806239
3890	0.2089761894
3891	0.2089713969
3892	0.2089659477
3893	0.2089614233
3894	0.2089575493
3895	0.2089523361
3896	0.2089488463
3897	0.208943292
3898	0.2089361825
3899	0.2089301009
3900	0.2089257313
3901	0.2089184668
3902	0.2089129161
3903	0.2089061957
3904	0.2089002364
3905	0.2088912641
3906	0.2088875167
3907	0.2088819023
3908	0.2088770685
3909	0.2088714774
3910	0.2088671643
3911	0.2088625711
3912	0.2088572975
3913	0.2088516976
3914	0.2088460657
3915	0.2088418607
3916	0.208837746
3917	0.2088332959
3918	0.2088273355
3919	0.2088223488
3920	0.2088175805
3921	0.2088086571
3922	0.2088018503
3923	0.2087930903
3924	0.2087856768
3925	0.2087823839
3926	0.2087774243
3927	0.208772223
3928	0.2087678303
3929	0.2087632907
3930	0.2087597855
3931	0.2087548864
3932	0.2087492942
3933	0.2087435728
3934	0.208738229
3935	0.2087306195
3936	0.2087263101
3937	0.2087222898
3938	0.2087166635
3939	0.2087133362
3940	0.2087079949
3941	0.2087035505
3942	0.2086977588
3943	0.2086934608
3944	0.2086895588
3945	0.2086855749
3946	0.208679668
3947	0.2086746169
3948	0.2086682826
3949	0.2086598657
3950	0.2086564037
3951	0.2086514447
3952	0.2086466232
3953	0.2086424905
3954	0.2086384453
3955	0.2086331857
3956	0.208626863
3957	0.2086213216
3958	0.2086160132
3959	0.2086095086
3960	0.2086045913
3961	0.2085957236
3962	0.2085900246
3963	0.2085855618
3964	0.2085795786
3965	0.2085752704
3966	0.2085692622
3967	0.2085642956
3968	0.2085596925
3969	0.2085560383
3970	0.2085509247
3971	0.2085461274
3972	0.2085423254
3973	0.2085385837
3974	0.2085320482
3975	0.2085273709
3976	0.2085222798
3977	0.2085176719
3978	0.2085108812
3979	0.2085056999
3980	0.2085020794
3981	0.2084973642
3982	0.2084942498
3983	0.2084888243
3984	0.2084842379
3985	0.2084794999
3986	0.2084741455
3987	0.2084692029
3988	0.2084648358
3989	0.2084592351
3990	0.2084559129
3991	0.2084514283
3992	0.2084462082
3993	0.208440065
3994	0.2084351977
3995	0.2084300509
3996	0.2084247812
3997	0.2084194968
3998	0.2084149498
3999	0.2084103311
4000	0.2084063232
4001	0.2084007307
4002	0.2083948319
4003	0.208388851
4004	0.2083853057
4005	0.2083788551
4006	0.208374334
4007	0.208369214
4008	0.2083605651
4009	0.2083564274
4010	0.2083504635
4011	0.2083460905
4012	0.208339901
4013	0.2083355035
4014	0.2083315873
4015	0.2083269609
4016	0.2083224349
4017	0.2083170908
4018	0.2083123495
4019	0.2083059719
4020	0.2082999139
4021	0.208294977
4022	0.208289584
4023	0.2082848656
4024	0.2082768524
4025	0.2082714795
4026	0.2082651488
4027	0.2082604001
4028	0.2082557363
4029	0.2082505675
4030	0.2082459574
4031	0.2082410006
4032	0.2082370841
4033	0.2082322788
4034	0.2082273404
4035	0.2082237479
4036	0.2082196348
4037	0.2082140885
4038	0.2082103533
4039	0.2082071298
4040	0.2082028605
4041	0.2081973202
4042	0.208193527
4043	0.2081885849
4044	0.2081822767
4045	0.208174887
4046	0.2081683698
4047	0.2081641778
4048	0.2081613022
4049	0.2081544927
4050	0.2081511817
4051	0.2081478773
4052	0.2081434265
4053	0.2081387559
4054	0.2081304837
4055	0.2081267657
4056	0.2081218149
4057	0.2081166926
4058	0.2081118292
4059	0.2081065147
4060	0.2080999542
4061	0.2080946778
4062	0.2080886443
4063	0.2080841912
4064	0.2080785293
4065	0.2080736879
4066	0.2080672452
4067	0.2080615861
4068	0.2080564233
4069	0.2080508483
4070	0.2080467452
4071	0.2080413298
4072	0.2080361298
4073	0.2080310672
4074	0.2080239823
4075	0.2080193856
4076	0.2080141407
4077	0.2080093771
4078	0.2080063189
4079	0.2080024905
4080	0.2079967948
4081	0.2079906661
4082	0.2079839166
4083	0.2079779751
4084	0.2079721676
4085	0.207965976
4086	0.2079605957
4087	0.2079556485
4088	0.2079501996
4089	0.2079447172
4090	0.2079395966
4091	0.2079354095
4092	0.2079290568
4093	0.2079248787
4094	0.2079200757
4095	0.2079157372
4096	0.2079092097
4097	0.2079036136
4098	0.2078927595
4099	0.2078887164
4100	0.2078839348
4101	0.207879096
4102	0.207873807
4103	0.2078680913
4104	0.2078633911
4105	0.2078599609
4106	0.2078550102
4107	0.2078493844
4108	0.2078445266
4109	0.2078406286
4110	0.2078349437
4111	0.2078282754
4112	0.2078240989
4113	0.2078182435
4114	0.2078125652
4115	0.20780927
4116	0.2078039103
4117	0.2077967804
4118	0.2077932043
4119	0.2077878682
4120	0.2077847448
4121	0.2077790009
4122	0.2077733749
4123	0.207768943
4124	0.2077631401
4125	0.2077596534
4126	0.207755015
4127	0.2077498023
4128	0.2077460025
4129	0.207739977
4130	0.2077354831
4131	0.2077321524
4132	0.2077263725
4133	0.2077198021
4134	0.207714329
4135	0.2077099697
4136	0.2077044377
4137	0.207699027
4138	0.2076944112
4139	0.2076868729
4140	0.2076832762
4141	0.2076784998
4142	0.2076721587
4143	0.2076669263
4144	0.2076606447
4145	0.2076546545
4146	0.2076508893
4147	0.2076447574
4148	0.2076409917
4149	0.2076376004
4150	0.2076302184
4151	0.2076261789
4152	0.2076223945
4153	0.207618217
4154	0.2076119435
4155	0.2076071397
4156	0.2076015769
4157	0.2075957089
4158	0.2075923916
4159	0.2075865294
4160	0.2075790877
4161	0.2075725828
4162	0.2075676338
4163	0.2075633849
4164	0.207557668
4165	0.2075502165
4166	0.207544934
4167	0.2075392431
4168	0.2075327708
4169	0.2075271654
4170	0.2075232137
4171	0.2075184017
4172	0.2075137544
4173	0.207507517
4174	0.2075013059
4175	0.2074935732
4176	0.2074888761
4177	0.2074823253
4178	0.2074770726
4179	0.2074723347
4180	0.2074664468
4181	0.2074614251
4182	0.2074564884
4183	0.2074527012
4184	0.2074488202
4185	0.2074459495
4186	0.2074413478
4187	0.2074362483
4188	0.2074306956
4189	0.2074258784
4190	0.2074208125
4191	0.2074162572
4192	0.2074118046
4193	0.2074068845
4194	0.2074026908
4195	0.2073991595
4196	0.2073953287
4197	0.207390027
4198	0.2073845881
4199	0.2073801738
4200	0.2073736767
4201	0.2073685213
4202	0.2073620019
4203	0.2073571873
4204	0.2073524633
4205	0.2073489701
4206	0.2073436814
4207	0.2073394184
4208	0.2073348289
4209	0.207329855
4210	0.2073247883
4211	0.2073200368
4212	0.2073171731
4213	0.2073123734
4214	0.2073073468
4215	0.2073031575
4216	0.2072980049
4217	0.2072878479
4218	0.2072826525
4219	0.2072774026
4220	0.2072719781
4221	0.2072670693
4222	0.2072627694
4223	0.2072569565
4224	0.2072530198
4225	0.2072475517
4226	0.2072422395
4227	0.2072376399
4228	0.2072324632
4229	0.20722821
4230	0.2072209421
4231	0.2072149204
4232	0.2072112314
4233	0.2072058397
4234	0.2072015514
4235	0.2071974694
4236	0.2071924971
4237	0.2071872561
4238	0.2071829974
4239	0.2071786212
4240	0.2071748912
4241	0.2071701121
4242	0.2071650646
4243	0.2071595348
4244	0.2071558457
4245	0.2071506201
4246	0.207144987
4247	0.2071404541
4248	0.20713579
4249	0.2071318086
4250	0.2071274524
4251	0.2071223859
4252	0.207117689
4253	0.207113095
4254	0.2071091797
4255	0.2071046046
4256	0.2070997565
4257	0.2070944679
4258	0.2070893703
4259	0.2070849614
4260	0.2070805591
4261	0.2070763312
4262	0.2070702627
4263	0.2070669219
4264	0.2070615413
4265	0.2070568836
4266	0.2070506398
4267	0.2070443392
4268	0.2070403427
4269	0.2070355184
4270	0.2070292055
4271	0.207024253
4272	0.207019761
4273	0.2070150312
4274	0.2070096491
4275	0.2070054888
4276	0.2069996682
4277	0.2069949539
4278	0.2069900547
4279	0.2069850542
4280	0.20697972
4281	0.2069756518
4282	0.206969581
4283	0.2069649732
4284	0.2069594547
4285	0.2069544542
4286	0.2069483269
4287	0.2069439165
4288	0.2069387515
4289	0.2069321722
4290	0.2069269578
4291	0.2069227179
4292	0.2069188251
4293	0.2069161537
4294	0.2069117579
4295	0.2069074804
4296	0.206904015
4297	0.2068990351
4298	0.2068936806
4299	0.2068889709
4300	0.2068837606
4301	0.2068771873
4302	0.2068723703
4303	0.2068677642
4304	0.2068646952
4305	0.206861137
4306	0.2068564027
4307	0.2068514399
4308	0.2068468158
4309	0.2068419952
4310	0.2068363675
4311	0.2068318794
4312	0.2068270521
4313	0.2068228092
4314	0.2068171183
4315	0.2068127773
4316	0.206807378
4317	0.2068006721
4318	0.2067953755
4319	0.2067893479
4320	0.2067852576
4321	0.2067802733
4322	0.2067759895
4323	0.2067706212
4324	0.2067644257
4325	0.206760074
4326	0.2067559649
4327	0.2067507066
4328	0.2067456653
4329	0.2067415312
4330	0.2067357986
4331	0.2067296766
4332	0.2067242019
4333	0.2067176856
4334	0.2067121831
4335	0.2067076867
4336	0.2067014122
4337	0.2066976148
4338	0.2066929146
4339	0.2066865209
4340	0.2066820998
4341	0.2066790634
4342	0.2066712438
4343	0.206665659
4344	0.206661378
4345	0.2066575649
4346	0.2066519509
4347	0.2066463144
4348	0.2066418989
4349	0.2066384635
4350	0.206633226
4351	0.2066282659
4352	0.2066226691
4353	0.2066178013
4354	0.2066139109
4355	0.2066097572
4356	0.2066050749
4357	0.20660032
4358	0.2065956012
4359	0.2065893136
4360	0.2065839791
4361	0.2065787358
4362	0.2065747572
4363	0.2065699152
4364	0.206564877
4365	0.2065612852
4366	0.2065556839
4367	0.2065505241
4368	0.2065466684
4369	0.2065404078
4370	0.2065357233
4371	0.2065299308
4372	0.2065265381
4373	0.2065228342
4374	0.2065189503
4375	0.2065145558
4376	0.2065106755
4377	0.20650556
4378	0.2065001856
4379	0.2064952156
4380	0.2064898918
4381	0.2064862987
4382	0.2064810507
4383	0.2064744157
4384	0.2064690952
4385	0.2064640712
4386	0.2064575903
4387	0.206452119
4388	0.2064474902
4389	0.2064445371
4390	0.2064372586
4391	0.2064332021
4392	0.2064290424
4393	0.2064227831
4394	0.2064170805
4395	0.2064120239
4396	0.2064066488
4397	0.2064018669
4398	0.2063945482
4399	0.2063890659
4400	0.2063825957
4401	0.2063774964
4402	0.2063735281
4403	0.2063689554
4404	0.2063646534
4405	0.2063596929
4406	0.2063545165
4407	0.206346421
4408	0.2063408912
4409	0.2063352424
4410	0.2063310548
4411	0.2063263009
4412	0.206320727
4413	0.206313915
4414	0.2063048835
4415	0.2062987736
4416	0.2062940093
4417	0.2062896501
4418	0.2062858068
4419	0.2062802008
4420	0.2062757442
4421	0.2062704613
4422	0.2062669167
4423	0.2062624593
4424	0.2062566643
4425	0.2062526603
4426	0.2062493583
4427	0.2062443287
4428	0.2062391731
4429	0.2062336926
4430	0.2062289117
4431	0.2062238251
4432	0.2062199163
4433	0.206215513
4434	0.2062120248
4435	0.2062049292
4436	0.20619869
4437	0.2061945772
4438	0.206190202
4439	0.2061851519
4440	0.2061810086
4441	0.2061771187
4442	0.2061725259
4443	0.2061672687
4444	0.2061623756
4445	0.2061574037
4446	0.2061518943
4447	0.2061455422
4448	0.2061428584
4449	0.2061378234
4450	0.2061321565
4451	0.2061274205
4452	0.2061225502
4453	0.206117233
4454	0.2061128788
4455	0.206109685
4456	0.2061037639
4457	0.2060990587
4458	0.2060939109
4459	0.2060878767
4460	0.2060878349
4461	0.2060823763
4462	0.206077547
4463	0.2060723284
4464	0.2060649355
4465	0.2060605133
4466	0.2060565021
4467	0.2060522984
4468	0.2060473859
4469	0.206043556
4470	0.2060377278
4471	0.2060328747
4472	0.2060276701
4473	0.2060161869
4474	0.2060096772
4475	0.2060042331
4476	0.2059994521
4477	0.2059944962
4478	0.2059900887
4479	0.2059839772
4480	0.2059792278
4481	0.205974919
4482	0.2059694811
4483	0.2059650867
4484	0.2059599574
4485	0.2059540222
4486	0.2059493895
4487	0.2059434953
4488	0.205937308
4489	0.2059316266
4490	0.2059258473
4491	0.2059225547
4492	0.2059186994
4493	0.2059144843
4494	0.2059093157
4495	0.2059050289
4496	0.205897407
4497	0.2058933376
4498	0.2058881342
4499	0.2058840283
4500	0.2058771823
4501	0.2058728778
4502	0.2058686555
4503	0.2058644331
4504	0.2058583064
4505	0.205853043
4506	0.2058479004
4507	0.2058422129
4508	0.2058374744
4509	0.2058321489
4510	0.2058266974
4511	0.2058236594
4512	0.2058189194
4513	0.2058135161
4514	0.2058094526
4515	0.2058051386
4516	0.2057993877
4517	0.2057933996
4518	0.2057887894
4519	0.2057848647
4520	0.2057797613
4521	0.2057755375
4522	0.2057699846
4523	0.2057636866
4524	0.2057600217
4525	0.2057551156
4526	0.2057500132
4527	0.2057446608
4528	0.2057403746
4529	0.2057356306
4530	0.2057318174
4531	0.2057253239
4532	0.2057204849
4533	0.2057172137
4534	0.2057126898
4535	0.2057066231
4536	0.2056993361
4537	0.205694692
4538	0.2056904791
4539	0.2056859263
4540	0.2056811798
4541	0.2056760838
4542	0.2056713528
4543	0.205667001
4544	0.2056622549
4545	0.2056567657
4546	0.2056518473
4547	0.2056477109
4548	0.2056433552
4549	0.205638948
4550	0.205634018
4551	0.2056279131
4552	0.2056231102
4553	0.2056185746
4554	0.2056116664
4555	0.2056091383
4556	0.2056035765
4557	0.2055992405
4558	0.2055952401
4559	0.2055906757
4560	0.2055858207
4561	0.2055811416
4562	0.205576896
4563	0.2055723992
4564	0.2055681249
4565	0.2055629866
4566	0.2055578445
4567	0.2055533777
4568	0.2055497506
4569	0.2055444716
4570	0.2055406159
4571	0.2055362418
4572	0.2055326463
4573	0.2055281429
4574	0.2055215973
4575	0.2055175615
4576	0.2055140638
4577	0.2055090392
4578	0.2055042586
4579	0.2054986834
4580	0.2054934388
4581	0.2054891144
4582	0.2054843686
4583	0.2054796566
4584	0.2054735441
4585	0.205467168
4586	0.2054624057
4587	0.2054573846
4588	0.2054539088
4589	0.2054488495
4590	0.2054434029
4591	0.2054390882
4592	0.2054349519
4593	0.2054300646
4594	0.2054257321
4595	0.2054221989
4596	0.2054167651
4597	0.2054129722
4598	0.2054092119
4599	0.2054058279
4600	0.2054019232
4601	0.2053992718
4602	0.2053927743
4603	0.2053878387
4604	0.2053839655
4605	0.205379043
4606	0.2053727719
4607	0.2053686334
4608	0.2053632266
4609	0.205358312
4610	0.2053533335
4611	0.2053481517
4612	0.2053445123
4613	0.2053402003
4614	0.2053345658
4615	0.2053304624
4616	0.2053274661
4617	0.2053236544
4618	0.2053175789
4619	0.2053125899
4620	0.2053100179
4621	0.2053044209
4622	0.2052991846
4623	0.2052947148
4624	0.2052911588
4625	0.2052864142
4626	0.2052819541
4627	0.2052767322
4628	0.2052701546
4629	0.205264127
4630	0.2052592351
4631	0.2052546348
4632	0.2052512936
4633	0.2052468667
4634	0.2052416656
4635	0.2052376976
4636	0.2052320203
4637	0.2052257716
4638	0.2052220523
4639	0.2052168116
4640	0.2052112565
4641	0.2052070618
4642	0.2052019697
4643	0.2051971897
4644	0.2051932209
4645	0.2051877395
4646	0.2051830491
4647	0.2051783744
4648	0.2051741396
4649	0.2051698485
4650	0.2051653339
4651	0.2051607169
4652	0.2051569427
4653	0.205151964
4654	0.2051475104
4655	0.2051425276
4656	0.2051374086
4657	0.205131181
4658	0.2051260295
4659	0.2051204516
4660	0.2051150395
4661	0.2051097683
4662	0.2051028518
4663	0.205098636
4664	0.20509227
4665	0.2050872237
4666	0.2050827222
4667	0.2050758151
4668	0.2050694054
4669	0.2050655447
4670	0.20506045
4671	0.2050566406
4672	0.2050509076
4673	0.2050442362
4674	0.2050408941
4675	0.2050357806
4676	0.2050309274
4677	0.2050274007
4678	0.2050241981
4679	0.2050209468
4680	0.2050167196
4681	0.2050135923
4682	0.2050105028
4683	0.205004629
4684	0.2050011839
4685	0.2049968588
4686	0.2049923773
4687	0.2049878022
4688	0.2049831701
4689	0.2049775242
4690	0.2049727538
4691	0.2049680504
4692	0.2049637222
4693	0.2049582645
4694	0.204952571
4695	0.2049463551
4696	0.2049409905
4697	0.2049369698
4698	0.2049325318
4699	0.204928184
4700	0.2049243143
4701	0.2049200343
4702	0.204916148
4703	0.2049098169
4704	0.2049056697
4705	0.2049014832
4706	0.2048960107
4707	0.2048921967
4708	0.2048872305
4709	0.2048829408
4710	0.204874263
4711	0.2048684751
4712	0.2048634682
4713	0.2048580021
4714	0.2048540435
4715	0.2048503831
4716	0.2048462989
4717	0.2048397993
4718	0.2048334827
4719	0.2048288942
4720	0.2048225321
4721	0.2048182433
4722	0.2048093251
4723	0.2048054148
4724	0.2048010807
4725	0.2047967815
4726	0.2047925997
4727	0.2047881308
4728	0.2047838733
4729	0.204780498
4730	0.2047754691
4731	0.2047694486
4732	0.2047652343
4733	0.2047611629
4734	0.2047562489
4735	0.2047501167
4736	0.2047445624
4737	0.2047397967
4738	0.204734833
4739	0.2047294237
4740	0.2047264315
4741	0.2047222827
4742	0.2047176937
4743	0.2047119666
4744	0.204707483
4745	0.2047038317
4746	0.2046982594
4747	0.2046939625
4748	0.2046884187
4749	0.2046839968
4750	0.2046795985
4751	0.204675285
4752	0.2046703244
4753	0.2046641268
4754	0.2046579827
4755	0.2046540351
4756	0.2046493427
4757	0.2046455381
4758	0.2046409188
4759	0.2046356278
4760	0.2046316401
4761	0.2046269095
4762	0.20462224
4763	0.2046172918
4764	0.2046116908
4765	0.2046068694
4766	0.2046016537
4767	0.2045965853
4768	0.2045904413
4769	0.2045858546
4770	0.2045814811
4771	0.2045759914
4772	0.2045713419
4773	0.2045672987
4774	0.2045631858
4775	0.2045586947
4776	0.2045550241
4777	0.2045512082
4778	0.2045482067
4779	0.204542872
4780	0.2045377114
4781	0.204533699
4782	0.2045291088
4783	0.2045251504
4784	0.2045200996
4785	0.2045154827
4786	0.2045118217
4787	0.2045078888
4788	0.2045030328
4789	0.2044996983
4790	0.2044955524
4791	0.2044896311
4792	0.2044857732
4793	0.2044816947
4794	0.2044774611
4795	0.2044742578
4796	0.2044697852
4797	0.2044643013
4798	0.2044601914
4799	0.2044546942
4800	0.2044515228
4801	0.2044470758
4802	0.2044427682
4803	0.2044381319
4804	0.2044329749
4805	0.2044280576
4806	0.2044240094
4807	0.2044196191
4808	0.2044154113
4809	0.2044108375
4810	0.2044068029
4811	0.2044027912
4812	0.2043992282
4813	0.2043947331
4814	0.204390515
4815	0.2043854423
4816	0.2043815767
4817	0.2043771949
4818	0.2043730874
4819	0.2043683339
4820	0.2043639031
4821	0.2043593753
4822	0.204354508
4823	0.2043501655
4824	0.204344643
4825	0.2043395549
4826	0.2043351463
4827	0.2043292274
4828	0.2043251676
4829	0.2043202252
4830	0.2043162272
4831	0.204309196
4832	0.2043031709
4833	0.2042980833
4834	0.2042949151
4835	0.2042905804
4836	0.2042853775
4837	0.204280637
4838	0.2042746633
4839	0.2042688601
4840	0.2042634592
4841	0.2042583344
4842	0.2042520758
4843	0.2042479379
4844	0.2042434016
4845	0.2042391589
4846	0.2042345458
4847	0.2042297998
4848	0.2042239433
4849	0.2042180647
4850	0.204214335
4851	0.2042097043
4852	0.2042017218
4853	0.2041981221
4854	0.204194912
4855	0.2041909974
4856	0.2041860666
4857	0.2041792965
4858	0.2041751165
4859	0.2041707725
4860	0.2041657903
4861	0.20416248
4862	0.2041565485
4863	0.2041529219
4864	0.2041472075
4865	0.2041432811
4866	0.2041390262
4867	0.2041344927
4868	0.2041290281
4869	0.2041243111
4870	0.2041194766
4871	0.2041150402
4872	0.2041115992
4873	0.2041063807
4874	0.2041013934
4875	0.2040958364
4876	0.2040916151
4877	0.204087797
4878	0.2040831441
4879	0.2040788063
4880	0.2040749041
4881	0.204069179
4882	0.2040639338
4883	0.2040588272
4884	0.2040537176
4885	0.2040504613
4886	0.2040464367
4887	0.204042403
4888	0.2040379944
4889	0.2040333418
4890	0.2040285027
4891	0.2040244938
4892	0.2040177131
4893	0.2040140755
4894	0.2040107947
4895	0.2040064402
4896	0.204002758
4897	0.2039985028
4898	0.2039933288
4899	0.2039884959
4900	0.2039839983
4901	0.2039794602
4902	0.2039757685
4903	0.2039704136
4904	0.2039665249
4905	0.2039610149
4906	0.2039569261
4907	0.2039523845
4908	0.2039481476
4909	0.2039446667
4910	0.2039399448
4911	0.203935852
4912	0.20393023
4913	0.2039260817
4914	0.2039200916
4915	0.2039140662
4916	0.2039090091
4917	0.203904979
4918	0.2039000159
4919	0.203895138
4920	0.2038907799
4921	0.2038855404
4922	0.2038815357
4923	0.2038784886
4924	0.2038732196
4925	0.2038686899
4926	0.2038628232
4927	0.2038589603
4928	0.2038544969
4929	0.203850469
4930	0.2038457719
4931	0.2038414274
4932	0.203835862
4933	0.203832518
4934	0.2038286551
4935	0.2038244539
4936	0.203821003
4937	0.2038165115
4938	0.2038122934
4939	0.2038075057
4940	0.2038039186
4941	0.2037992259
4942	0.2037949769
4943	0.2037904228
4944	0.2037865714
4945	0.2037811256
4946	0.2037759664
4947	0.2037721735
4948	0.2037674835
4949	0.2037617716
4950	0.2037566466
4951	0.2037506836
4952	0.2037468255
4953	0.2037427021
4954	0.2037378195
4955	0.2037328252
4956	0.2037272388
4957	0.2037213731
4958	0.203716237
4959	0.2037118851
4960	0.2037083334
4961	0.2037045997
4962	0.2036994088
4963	0.2036940089
4964	0.2036892378
4965	0.2036842763
4966	0.2036798073
4967	0.2036772174
4968	0.203672783
4969	0.2036680014
4970	0.2036627059
4971	0.2036580295
4972	0.2036531732
4973	0.2036494864
4974	0.2036440965
4975	0.2036391258
4976	0.2036345841
4977	0.2036285972
4978	0.2036230608
4979	0.2036182258
4980	0.2036130543
4981	0.2036069982
4982	0.2036024368
4983	0.2035983739
4984	0.2035905969
4985	0.2035854648
4986	0.2035802947
4987	0.2035760406
4988	0.2035718615
4989	0.2035672153
4990	0.2035637281
4991	0.2035591443
4992	0.2035554781
4993	0.20355158
4994	0.2035480073
4995	0.2035435683
4996	0.2035395417
4997	0.2035360708
4998	0.2035318597
4999	0.2035272693
5000	0.2035229856
5001	0.2035178081
5002	0.2035128363
5003	0.2035080039
5004	0.2035019381
5005	0.2034943747
5006	0.2034873545
5007	0.2034826704
5008	0.2034779957
5009	0.2034728121
5010	0.2034686577
5011	0.2034650263
5012	0.203459226
5013	0.2034538351
5014	0.2034478955
5015	0.203443217
5016	0.2034396061
5017	0.2034348686
5018	0.2034305048
5019	0.2034271978
5020	0.2034234902
5021	0.2034183449
5022	0.2034131484
5023	0.2034087386
5024	0.2034041551
5025	0.2034006338
5026	0.2033941582
5027	0.2033906565
5028	0.2033869435
5029	0.2033818672
5030	0.2033772103
5031	0.2033721757
5032	0.2033681703
5033	0.2033631604
5034	0.2033596707
5035	0.2033537367
5036	0.2033494348
5037	0.2033450731
5038	0.20333946
5039	0.2033342552
5040	0.2033300248
5041	0.2033254769
5042	0.2033219602
5043	0.2033176029
5044	0.2033116359
5045	0.203307565
5046	0.2033037395
5047	0.2032988732
5048	0.2032935032
5049	0.2032888666
5050	0.2032851267
5051	0.2032816049
5052	0.2032776107
5053	0.2032728623
5054	0.2032688375
5055	0.2032652552
5056	0.2032604951
5057	0.2032570487
5058	0.2032540923
5059	0.2032479992
5060	0.2032434087
5061	0.2032390839
5062	0.2032364019
5063	0.2032297825
5064	0.20322557
5065	0.2032209686
5066	0.2032179059
5067	0.2032132028
5068	0.2032092127
5069	0.2032037079
5070	0.2032007918
5071	0.2031961245
5072	0.203191017
5073	0.2031849106
5074	0.2031807429
5075	0.2031765861
5076	0.2031729821
5077	0.203167398
5078	0.2031632125
5079	0.2031576113
5080	0.2031522762
5081	0.2031487612
5082	0.203145155
5083	0.2031410229
5084	0.2031378125
5085	0.2031324247
5086	0.2031289123
5087	0.2031237244
5088	0.2031187268
5089	0.2031133788
5090	0.2031081672
5091	0.2031051033
5092	0.2031011637
5093	0.203097486
5094	0.2030933194
5095	0.2030886396
5096	0.2030836781
5097	0.2030800198
5098	0.2030745061
5099	0.203070577
5100	0.2030643587
5101	0.2030588079
5102	0.2030552962
5103	0.2030504432
5104	0.2030465688
5105	0.2030421909
5106	0.2030379044
5107	0.2030341394
5108	0.2030277044
5109	0.2030236933
5110	0.2030196483
5111	0.2030148234
5112	0.2030109327
5113	0.2030064681
5114	0.2030018515
5115	0.2029976881
5116	0.2029921825
5117	0.2029887981
5118	0.2029847481
5119	0.2029793649
5120	0.2029755364
5121	0.2029721263
5122	0.2029683053
5123	0.2029631284
5124	0.2029582984
5125	0.2029545633
5126	0.2029514786
5127	0.2029464603
5128	0.202942049
5129	0.2029375742
5130	0.2029335133
5131	0.2029294877
5132	0.2029239659
5133	0.2029168772
5134	0.2029100789
5135	0.2029060897
5136	0.2029022071
5137	0.2028969963
5138	0.2028926775
5139	0.2028890779
5140	0.2028838725
5141	0.2028795164
5142	0.2028712789
5143	0.202866711
5144	0.2028610793
5145	0.2028561061
5146	0.2028526831
5147	0.2028490235
5148	0.202845125
5149	0.2028392426
5150	0.2028343085
5151	0.202828246
5152	0.2028224055
5153	0.2028184944
5154	0.2028141712
5155	0.2028097362
5156	0.202803821
5157	0.2027992884
5158	0.2027939337
5159	0.2027887923
5160	0.2027845202
5161	0.2027793234
5162	0.2027741124
5163	0.2027699452
5164	0.2027645562
5165	0.2027595454
5166	0.2027556381
5167	0.2027523634
5168	0.2027484052
5169	0.2027437975
5170	0.2027386101
5171	0.2027336479
5172	0.2027293537
5173	0.2027247447
5174	0.2027191337
5175	0.2027159359
5176	0.2027096947
5177	0.2027055059
5178	0.2027012536
5179	0.2026973151
5180	0.2026940014
5181	0.2026887955
5182	0.2026843964
5183	0.2026799706
5184	0.2026758104
5185	0.2026704142
5186	0.2026618737
5187	0.2026558203
5188	0.2026509477
5189	0.2026453466
5190	0.2026415282
5191	0.2026372903
5192	0.2026329825
5193	0.2026292765
5194	0.2026266899
5195	0.2026228925
5196	0.2026201287
5197	0.2026157548
5198	0.2026123927
5199	0.2026072888
5200	0.2026027416
5201	0.2025981423
5202	0.2025935987
5203	0.2025884122
5204	0.2025846547
5205	0.2025796331
5206	0.2025729107
5207	0.2025673516
5208	0.202562867
5209	0.2025600511
5210	0.2025559812
5211	0.2025523874
5212	0.2025488
5213	0.2025459878
5214	0.2025409516
5215	0.2025371043
5216	0.2025344057
5217	0.2025307915
5218	0.2025273645
5219	0.2025230847
5220	0.2025193357
5221	0.2025165155
5222	0.2025116855
5223	0.2025077586
5224	0.2025022052
5225	0.2024981228
5226	0.2024924067
5227	0.2024893729
5228	0.2024841231
5229	0.2024791528
5230	0.2024738209
5231	0.2024697974
5232	0.202466309
5233	0.2024620205
5234	0.202458122
5235	0.202453028
5236	0.2024481291
5237	0.2024439714
5238	0.2024396035
5239	0.202435631
5240	0.2024303833
5241	0.2024256806
5242	0.2024213032
5243	0.2024179224
5244	0.2024134163
5245	0.2024104866
5246	0.2024047121
5247	0.2024011332
5248	0.2023972946
5249	0.2023920327
5250	0.2023883724
5251	0.2023845721
5252	0.2023790398
5253	0.2023750053
5254	0.202371012
5255	0.2023662741
5256	0.2023603429
5257	0.2023564796
5258	0.2023522386
5259	0.2023482554
5260	0.2023450313
5261	0.202340486
5262	0.2023362983
5263	0.2023327279
5264	0.2023285453
5265	0.2023242917
5266	0.2023198981
5267	0.2023144628
5268	0.2023109494
5269	0.2023064466
5270	0.2023009671
5271	0.2022969093
5272	0.2022927596
5273	0.202288873
5274	0.2022847098
5275	0.20228002
5276	0.2022760015
5277	0.2022727153
5278	0.2022669741
5279	0.2022626969
5280	0.2022573968
5281	0.2022522525
5282	0.2022473375
5283	0.2022404905
5284	0.2022369264
5285	0.2022322726
5286	0.2022267486
5287	0.2022221625
5288	0.2022185437
5289	0.2022139662
5290	0.202210227
5291	0.202205721
5292	0.2022009931
5293	0.2021963417
5294	0.2021929136
5295	0.2021880658
5296	0.202183317
5297	0.2021784228
5298	0.2021733944
5299	0.2021703234
5300	0.2021659976
5301	0.2021611336
5302	0.2021567813
5303	0.2021522722
5304	0.2021485011
5305	0.2021444731
5306	0.2021394236
5307	0.2021360189
5308	0.2021318631
5309	0.2021277675
5310	0.2021221081
5311	0.2021173659
5312	0.2021139905
5313	0.2021093499
5314	0.2021051161
5315	0.2020996355
5316	0.202094941
5317	0.20208971
5318	0.2020856355
5319	0.2020813604
5320	0.2020765903
5321	0.2020707195
5322	0.2020666483
5323	0.2020618391
5324	0.2020575771
5325	0.2020532691
5326	0.2020484658
5327	0.2020431578
5328	0.2020392364
5329	0.2020356166
5330	0.2020304834
5331	0.2020254059
5332	0.2020210243
5333	0.2020152696
5334	0.2020098924
5335	0.2020061163
5336	0.2020009129
5337	0.2019964364
5338	0.2019937664
5339	0.2019891005
5340	0.2019840548
5341	0.2019780695
5342	0.2019740298
5343	0.201969828
5344	0.2019662722
5345	0.201962087
5346	0.2019578116
5347	0.2019534894
5348	0.2019493707
5349	0.2019431875
5350	0.201938097
5351	0.2019334474
5352	0.2019277013
5353	0.2019232827
5354	0.2019193222
5355	0.201914102
5356	0.2019106437
5357	0.2019074159
5358	0.2019000207
5359	0.2018959423
5360	0.2018923384
5361	0.201888965
5362	0.2018854944
5363	0.2018796909
5364	0.2018751529
5365	0.2018712761
5366	0.2018674745
5367	0.2018628575
5368	0.2018577207
5369	0.2018533117
5370	0.2018485172
5371	0.2018442741
5372	0.2018414125
5373	0.2018373738
5374	0.2018325188
5375	0.2018287767
5376	0.2018248306
5377	0.2018205261
5378	0.2018145981
5379	0.2018092152
5380	0.2018050847
5381	0.2018009252
5382	0.20179674
5383	0.2017925432
5384	0.2017872694
5385	0.2017826623
5386	0.2017778657
5387	0.2017737058
5388	0.2017704325
5389	0.2017659595
5390	0.2017618824
5391	0.2017576798
5392	0.2017514
5393	0.201745707
5394	0.2017414512
5395	0.2017377065
5396	0.201733217
5397	0.2017269578
5398	0.201722325
5399	0.2017176043
5400	0.2017135154
5401	0.2017094432
5402	0.2017046571
5403	0.2017000048
5404	0.2016944471
5405	0.2016903719
5406	0.2016863021
5407	0.2016827408
5408	0.2016786761
5409	0.2016756465
5410	0.2016719158
5411	0.2016673544
5412	0.2016626451
5413	0.2016590409
5414	0.201654346
5415	0.2016470554
5416	0.2016420753
5417	0.2016382309
5418	0.2016336977
5419	0.2016300261
5420	0.2016251408
5421	0.2016193605
5422	0.2016147176
5423	0.2016078706
5424	0.2016042911
5425	0.2016010257
5426	0.2015979485
5427	0.2015947475
5428	0.2015908595
5429	0.2015870088
5430	0.2015831063
5431	0.2015788569
5432	0.2015736294
5433	0.2015680118
5434	0.2015638062
5435	0.2015573117
5436	0.2015542926
5437	0.2015503125
5438	0.2015449811
5439	0.2015400389
5440	0.2015355109
5441	0.2015293492
5442	0.201523789
5443	0.2015199441
5444	0.2015134784
5445	0.2015097262
5446	0.2015048219
5447	0.2014994231
5448	0.2014933422
5449	0.2014890339
5450	0.2014848151
5451	0.2014815055
5452	0.201477699
5453	0.2014734704
5454	0.2014675983
5455	0.2014629557
5456	0.2014581402
5457	0.2014541583
5458	0.2014488062
5459	0.2014433236
5460	0.201439077
5461	0.2014336511
5462	0.2014288287
5463	0.2014227878
5464	0.2014178499
5465	0.2014123225
5466	0.2014083836
5467	0.2014043618
5468	0.2013993743
5469	0.2013954185
5470	0.2013915186
5471	0.2013879866
5472	0.2013834683
5473	0.201379876
5474	0.2013750042
5475	0.2013699052
5476	0.2013665497
5477	0.2013621966
5478	0.2013574525
5479	0.2013529337
5480	0.2013490623
5481	0.2013438819
5482	0.2013385604
5483	0.2013353466
5484	0.2013304738
5485	0.2013249059
5486	0.2013214188
5487	0.2013178941
5488	0.2013114247
5489	0.2013069682
5490	0.2013023308
5491	0.2012994456
5492	0.2012950758
5493	0.2012902042
5494	0.2012859645
5495	0.2012827885
5496	0.2012782442
5497	0.20127492
5498	0.2012715701
5499	0.2012681128
5500	0.2012633383
5501	0.2012584154
5502	0.2012544648
5503	0.2012490803
5504	0.2012444817
5505	0.2012389718
5506	0.2012359946
5507	0.2012317927
5508	0.2012271544
5509	0.2012223172
5510	0.2012175881
5511	0.2012124521
5512	0.2012098017
5513	0.2012049221
5514	0.201200757
5515	0.2011965559
5516	0.2011935139
5517	0.2011897299
5518	0.2011845432
5519	0.2011797303
5520	0.2011756509
5521	0.2011706349
5522	0.2011658583
5523	0.2011613505
5524	0.2011559853
5525	0.2011517375
5526	0.2011470295
5527	0.2011418056
5528	0.2011376587
5529	0.2011321529
5530	0.2011272558
5531	0.2011228135
5532	0.2011170887
5533	0.2011128916
5534	0.2011087187
5535	0.2011042436
5536	0.2011003926
5537	0.201096375
5538	0.2010918345
5539	0.2010882963
5540	0.2010848368
5541	0.2010789801
5542	0.201073765
5543	0.2010710359
5544	0.2010648177
5545	0.2010603114
5546	0.2010551447
5547	0.2010489472
5548	0.2010436386
5549	0.2010386893
5550	0.2010343213
5551	0.2010303316
5552	0.201026037
5553	0.2010221451
5554	0.2010172055
5555	0.2010119942
5556	0.2010092576
5557	0.2010033588
5558	0.2009990861
5559	0.2009940998
5560	0.2009896414
5561	0.2009856443
5562	0.2009809654
5563	0.2009760827
5564	0.2009711849
5565	0.2009660132
5566	0.2009607116
5567	0.2009568658
5568	0.2009517675
5569	0.2009476511
5570	0.2009427939
5571	0.2009386715
5572	0.2009345054
5573	0.200926094
5574	0.2009229163
5575	0.2009189555
5576	0.2009154861
5577	0.2009100728
5578	0.2009058641
5579	0.2009017043
5580	0.2008958997
5581	0.2008920341
5582	0.2008863709
5583	0.200881999
5584	0.2008779803
5585	0.2008727175
5586	0.2008677344
5587	0.2008644928
5588	0.2008606013
5589	0.2008573989
5590	0.2008522478
5591	0.2008483758
5592	0.2008447372
5593	0.2008391088
5594	0.2008354979
5595	0.2008312853
5596	0.2008257246
5597	0.2008208671
5598	0.2008155354
5599	0.2008111509
5600	0.2008068847
5601	0.2008018976
5602	0.2007983814
5603	0.2007931409
5604	0.2007893667
5605	0.2007860412
5606	0.2007827134
5607	0.2007778792
5608	0.2007725213
5609	0.2007672972
5610	0.2007633044
5611	0.2007586532
5612	0.2007521932
5613	0.2007475109
5614	0.2007425474
5615	0.2007382424
5616	0.2007343974
5617	0.2007295394
5618	0.2007254364
5619	0.2007216288
5620	0.2007178499
5621	0.2007128882
5622	0.2007083884
5623	0.2007036215
5624	0.2006993816
5625	0.2006960814
5626	0.2006918525
5627	0.2006859399
5628	0.2006824459
5629	0.2006783052
5630	0.2006750461
5631	0.2006718396
5632	0.2006681713
5633	0.2006636047
5634	0.200658464
5635	0.2006514184
5636	0.2006454441
5637	0.2006407758
5638	0.200636771
5639	0.2006321328
5640	0.2006264727
5641	0.2006228709
5642	0.2006179014
5643	0.2006123754
5644	0.2006089014
5645	0.2006043906
5646	0.2005998956
5647	0.2005956157
5648	0.2005917438
5649	0.2005883932
5650	0.2005850141
5651	0.200580722
5652	0.2005760848
5653	0.2005727413
5654	0.2005692337
5655	0.2005660351
5656	0.2005624735
5657	0.2005587872
5658	0.2005549139
5659	0.2005505264
5660	0.2005461016
5661	0.2005424599
5662	0.2005384057
5663	0.2005330246
5664	0.2005282606
5665	0.2005226697
5666	0.2005181453
5667	0.2005136379
5668	0.2005093846
5669	0.2005056155
5670	0.2005021918
5671	0.2004971874
5672	0.2004927256
5673	0.200488565
5674	0.2004850223
5675	0.2004802134
5676	0.2004739262
5677	0.2004702493
5678	0.2004660118
5679	0.2004622675
5680	0.2004574783
5681	0.2004542306
5682	0.2004493228
5683	0.2004452014
5684	0.2004413876
5685	0.2004373255
5686	0.2004333345
5687	0.2004304331
5688	0.2004258827
5689	0.2004209882
5690	0.2004161074
5691	0.200411109
5692	0.2004067002
5693	0.2004012819
5694	0.2003969041
5695	0.2003919016
5696	0.2003876776
5697	0.200382341
5698	0.2003787214
5699	0.2003741749
5700	0.2003696113
5701	0.2003661894
5702	0.2003628155
5703	0.2003597427
5704	0.2003558207
5705	0.2003522567
5706	0.2003473509
5707	0.2003441198
5708	0.2003399189
5709	0.2003337956
5710	0.2003291796
5711	0.2003251184
5712	0.2003206555
5713	0.2003171421
5714	0.2003141564
5715	0.2003099103
5716	0.2003043185
5717	0.2002988944
5718	0.2002939977
5719	0.2002893294
5720	0.2002839138
5721	0.200281293
5722	0.2002766448
5723	0.200272113
5724	0.2002693165
5725	0.2002649658
5726	0.2002610901
5727	0.200256568
5728	0.2002515166
5729	0.2002481492
5730	0.200242869
5731	0.2002387655
5732	0.2002321648
5733	0.2002283886
5734	0.200224481
5735	0.2002201286
5736	0.2002169195
5737	0.2002118295
5738	0.2002071789
5739	0.2002023539
5740	0.2001979652
5741	0.2001933462
5742	0.2001872667
5743	0.2001831047
5744	0.2001790862
5745	0.2001763865
5746	0.200170108
5747	0.20016603
5748	0.2001611614
5749	0.2001575496
5750	0.2001550678
5751	0.2001492153
5752	0.2001440265
5753	0.2001385097
5754	0.2001341593
5755	0.2001292702
5756	0.2001246657
5757	0.2001202628
5758	0.2001151699
5759	0.2001094974
5760	0.2001044473
5761	0.2001005561
5762	0.2000945293
5763	0.2000889516
5764	0.2000834094
5765	0.2000796681
5766	0.2000750568
5767	0.2000710732
5768	0.2000669028
5769	0.2000626196
5770	0.2000588301
5771	0.2000547548
5772	0.2000492879
5773	0.2000450339
5774	0.2000414968
5775	0.2000354849
5776	0.2000312062
5777	0.2000258675
5778	0.2000218418
5779	0.2000161275
5780	0.2000123089
5781	0.2000074149
5782	0.2000037795
5783	0.1999994498
5784	0.199995332
5785	0.1999906236
5786	0.1999861522
5787	0.1999822926
5788	0.1999774602
5789	0.1999725844
5790	0.199968006
5791	0.1999630046
5792	0.1999588596
5793	0.1999547748
5794	0.1999499252
5795	0.1999460939
5796	0.1999415417
5797	0.1999356188
5798	0.1999305461
5799	0.1999267826
5800	0.1999217971
5801	0.1999172871
5802	0.1999122372
5803	0.1999070446
5804	0.1999028544
5805	0.1998982366
5806	0.1998937216
5807	0.1998893418
5808	0.1998860245
5809	0.1998824181
5810	0.1998783142
5811	0.1998745873
5812	0.1998693349
5813	0.1998653713
5814	0.1998609935
5815	0.1998541272
5816	0.1998493113
5817	0.1998449131
5818	0.1998406814
5819	0.1998361124
5820	0.199830748
5821	0.1998278442
5822	0.1998200246
5823	0.1998156722
5824	0.1998115935
5825	0.1998066005
5826	0.1998016407
5827	0.199797752
5828	0.1997921588
5829	0.1997879295
5830	0.1997841612
5831	0.1997794939
5832	0.1997759927
5833	0.1997713609
5834	0.1997680383
5835	0.1997636987
5836	0.1997576626
5837	0.1997530992
5838	0.1997486728
5839	0.1997449135
5840	0.1997411598
5841	0.1997361177
5842	0.1997308046
5843	0.1997267033
5844	0.1997224595
5845	0.199718735
5846	0.1997149663
5847	0.1997103312
5848	0.1997054215
5849	0.1997003364
5850	0.1996971424
5851	0.1996926144
5852	0.1996879594
5853	0.1996853542
5854	0.1996812791
5855	0.1996749492
5856	0.1996697379
5857	0.1996660355
5858	0.1996625277
5859	0.1996591732
5860	0.1996557364
5861	0.1996527453
5862	0.1996465518
5863	0.1996434953
5864	0.1996395997
5865	0.1996362145
5866	0.1996322982
5867	0.1996290908
5868	0.1996249334
5869	0.1996206363
5870	0.1996168661
5871	0.1996125599
5872	0.1996083355
5873	0.1996032292
5874	0.1995996125
5875	0.1995959543
5876	0.1995915326
5877	0.199586482
5878	0.1995820618
5879	0.1995778778
5880	0.1995726963
5881	0.1995684209
5882	0.1995643748
5883	0.1995600561
5884	0.1995538372
5885	0.1995498834
5886	0.1995453922
5887	0.1995415398
5888	0.1995380586
5889	0.1995341954
5890	0.1995283865
5891	0.1995245091
5892	0.1995204091
5893	0.1995161186
5894	0.1995113933
5895	0.1995065422
5896	0.1995021431
5897	0.1994988634
5898	0.1994945429
5899	0.1994898579
5900	0.1994854789
5901	0.1994827021
5902	0.1994779315
5903	0.1994752425
5904	0.1994718315
5905	0.1994691036
5906	0.1994650519
5907	0.1994613474
5908	0.1994569607
5909	0.1994519534
5910	0.1994481456
5911	0.1994446646
5912	0.1994393446
5913	0.1994344566
5914	0.1994311181
5915	0.1994268058
5916	0.1994229442
5917	0.1994185446
5918	0.1994162344
5919	0.1994112599
5920	0.1994065694
5921	0.1993997855
5922	0.1993961809
5923	0.1993906665
5924	0.1993850742
5925	0.1993808538
5926	0.1993779102
5927	0.1993739696
5928	0.1993692262
5929	0.1993655321
5930	0.1993618884
5931	0.1993573305
5932	0.1993531554
5933	0.1993495236
5934	0.1993434767
5935	0.199339457
5936	0.1993348886
5937	0.1993289906
5938	0.1993247245
5939	0.1993210877
5940	0.1993162779
5941	0.1993118363
5942	0.1993084465
5943	0.1993039819
5944	0.1993005532
5945	0.1992940983
5946	0.1992892467
5947	0.1992861321
5948	0.1992831602
5949	0.1992785502
5950	0.1992731365
5951	0.1992689526
5952	0.1992648044
5953	0.1992599755
5954	0.1992561863
5955	0.1992527598
5956	0.199248982
5957	0.1992429357
5958	0.1992378105
5959	0.1992332735
5960	0.1992295593
5961	0.1992262431
5962	0.1992218947
5963	0.1992167021
5964	0.1992124948
5965	0.1992086569
5966	0.1992037755
5967	0.1991982962
5968	0.1991951269
5969	0.1991903227
5970	0.1991868232
5971	0.1991818363
5972	0.1991773794
5973	0.1991720535
5974	0.1991668627
5975	0.1991620366
5976	0.1991576928
5977	0.1991538999
5978	0.1991505054
5979	0.1991463795
5980	0.1991404409
5981	0.1991372176
5982	0.1991332046
5983	0.1991292151
5984	0.1991250733
5985	0.1991206444
5986	0.1991129288
5987	0.1991085422
5988	0.1991052354
5989	0.1991013714
5990	0.1990967959
5991	0.1990941869
5992	0.1990909782
5993	0.1990862184
5994	0.1990821564
5995	0.1990766645
5996	0.1990732708
5997	0.1990693139
5998	0.1990639858
5999	0.199057652
6000	0.1990535034
6001	0.1990484003
6002	0.199043125
6003	0.1990364632
6004	0.1990315287
6005	0.199028275
6006	0.1990231277
6007	0.199020222
6008	0.1990150924
6009	0.1990119682
6010	0.1990071688
6011	0.1990035233
6012	0.1989991081
6013	0.1989957312
6014	0.1989904525
6015	0.1989870434
6016	0.1989806842
6017	0.198976945
6018	0.1989731081
6019	0.1989681008
6020	0.1989634477
6021	0.1989590737
6022	0.1989535304
6023	0.198948705
6024	0.1989448698
6025	0.1989406818
6026	0.1989373793
6027	0.1989317737
6028	0.1989273522
6029	0.1989218076
6030	0.198918036
6031	0.1989147491
6032	0.1989110908
6033	0.1989079008
6034	0.1989021999
6035	0.1988985111
6036	0.1988932539
6037	0.1988891135
6038	0.1988862984
6039	0.1988822627
6040	0.1988799163
6041	0.1988751834
6042	0.1988714193
6043	0.1988679015
6044	0.1988634015
6045	0.198859205
6046	0.1988555785
6047	0.1988503179
6048	0.1988462009
6049	0.1988416621
6050	0.1988370909
6051	0.1988332751
6052	0.1988295221
6053	0.1988249293
6054	0.1988214185
6055	0.1988169809
6056	0.1988142388
6057	0.1988102108
6058	0.1988051516
6059	0.198801167
6060	0.1987965913
6061	0.1987924979
6062	0.1987883956
6063	0.1987839587
6064	0.1987786579
6065	0.1987745802
6066	0.1987707725
6067	0.1987657178
6068	0.1987605484
6069	0.1987564184
6070	0.1987524324
6071	0.1987484787
6072	0.198743632
6073	0.198739475
6074	0.1987355085
6075	0.1987313233
6076	0.1987283238
6077	0.1987259144
6078	0.1987208736
6079	0.198714843
6080	0.1987107741
6081	0.1987063185
6082	0.1987011742
6083	0.1986970092
6084	0.1986936889
6085	0.1986892621
6086	0.1986852759
6087	0.1986801281
6088	0.19867533
6089	0.1986714549
6090	0.1986653695
6091	0.1986627753
6092	0.1986575395
6093	0.1986525983
6094	0.1986469656
6095	0.1986439472
6096	0.1986380565
6097	0.198634206
6098	0.1986305988
6099	0.1986262196
6100	0.1986225793
6101	0.19861794
6102	0.1986106289
6103	0.1986076788
6104	0.1986033904
6105	0.198599753
6106	0.1985963298
6107	0.1985934075
6108	0.1985896777
6109	0.1985840153
6110	0.1985804494
6111	0.1985768245
6112	0.1985734918
6113	0.1985698011
6114	0.1985664587
6115	0.1985620037
6116	0.1985589143
6117	0.1985535682
6118	0.1985484265
6119	0.1985447453
6120	0.1985390292
6121	0.1985344874
6122	0.1985307406
6123	0.1985269957
6124	0.1985223343
6125	0.198517861
6126	0.1985146707
6127	0.1985096663
6128	0.1985061001
6129	0.1985031086
6130	0.1984984545
6131	0.1984941476
6132	0.1984887899
6133	0.1984816817
6134	0.1984778009
6135	0.1984731027
6136	0.1984692615
6137	0.1984646267
6138	0.1984599639
6139	0.1984570216
6140	0.1984535316
6141	0.198450404
6142	0.1984472471
6143	0.1984431925
6144	0.1984387845
6145	0.1984347915
6146	0.1984310561
6147	0.1984245925
6148	0.1984203563
6149	0.1984153175
6150	0.1984119608
6151	0.1984080466
6152	0.1984036424
6153	0.198399036
6154	0.1983958695
6155	0.1983905087
6156	0.1983863402
6157	0.1983838481
6158	0.198380049
6159	0.1983759732
6160	0.1983700508
6161	0.1983651038
6162	0.1983607465
6163	0.1983565242
6164	0.198352672
6165	0.1983484312
6166	0.1983430733
6167	0.1983374253
6168	0.1983335967
6169	0.1983281585
6170	0.1983244007
6171	0.1983201079
6172	0.1983166569
6173	0.1983125265
6174	0.1983092614
6175	0.1983040608
6176	0.1983001181
6177	0.1982945422
6178	0.198289958
6179	0.1982861107
6180	0.1982824815
6181	0.1982772686
6182	0.1982726452
6183	0.198268501
6184	0.1982653374
6185	0.1982604791
6186	0.198252742
6187	0.1982482271
6188	0.1982444158
6189	0.1982407835
6190	0.1982376754
6191	0.1982333975
6192	0.1982285237
6193	0.198222571
6194	0.1982183039
6195	0.1982143735
6196	0.1982098197
6197	0.1982060811
6198	0.1982024747
6199	0.198197713
6200	0.1981935478
6201	0.1981886776
6202	0.1981855656
6203	0.1981804383
6204	0.1981769159
6205	0.1981730703
6206	0.198167986
6207	0.1981640883
6208	0.1981589909
6209	0.1981557688
6210	0.1981525127
6211	0.1981480199
6212	0.1981449163
6213	0.1981417374
6214	0.1981392625
6215	0.1981350994
6216	0.1981315363
6217	0.1981268926
6218	0.1981233393
6219	0.1981201628
6220	0.198115404
6221	0.1981101705
6222	0.1981059184
6223	0.1981009596
6224	0.1980971871
6225	0.198093095
6226	0.1980899602
6227	0.1980857786
6228	0.1980825295
6229	0.1980787059
6230	0.1980740613
6231	0.1980702549
6232	0.1980668471
6233	0.1980606926
6234	0.1980576799
6235	0.1980540234
6236	0.198049606
6237	0.1980461719
6238	0.1980429275
6239	0.1980387243
6240	0.1980343803
6241	0.1980295788
6242	0.1980257784
6243	0.19802267
6244	0.1980189628
6245	0.1980143549
6246	0.1980106233
6247	0.1980070239
6248	0.1980031257
6249	0.1979993682
6250	0.1979960739
6251	0.1979918004
6252	0.1979869844
6253	0.1979809422
6254	0.1979759923
6255	0.1979716683
6256	0.1979669776
6257	0.1979637992
6258	0.1979579652
6259	0.1979542933
6260	0.1979472544
6261	0.1979426915
6262	0.1979388618
6263	0.1979331593
6264	0.1979279435
6265	0.1979227971
6266	0.1979181837
6267	0.1979136995
6268	0.1979097492
6269	0.1979052228
6270	0.197900176
6271	0.1978965113
6272	0.1978920345
6273	0.1978875541
6274	0.1978830207
6275	0.1978791209
6276	0.1978746355
6277	0.197871018
6278	0.1978669697
6279	0.1978613211
6280	0.1978566317
6281	0.1978509321
6282	0.1978466205
6283	0.19784314
6284	0.1978375803
6285	0.1978339909
6286	0.1978297241
6287	0.197824924
6288	0.1978199281
6289	0.1978154024
6290	0.1978115803
6291	0.1978085767
6292	0.1978043277
6293	0.1977997669
6294	0.1977960998
6295	0.1977916914
6296	0.1977870915
6297	0.1977838445
6298	0.19778036
6299	0.1977771794
6300	0.197772464
6301	0.1977684395
6302	0.1977641012
6303	0.1977595179
6304	0.1977552555
6305	0.1977506376
6306	0.1977464873
6307	0.1977422546
6308	0.1977385995
6309	0.1977349883
6310	0.1977301438
6311	0.197726233
6312	0.1977221255
6313	0.1977185652
6314	0.197714756
6315	0.1977110151
6316	0.1977064814
6317	0.1977024624
6318	0.197698131
6319	0.1976936759
6320	0.1976898337
6321	0.197686264
6322	0.1976818792
6323	0.197677862
6324	0.1976739377
6325	0.1976696358
6326	0.1976666379
6327	0.1976623982
6328	0.1976583272
6329	0.1976542164
6330	0.1976504077
6331	0.1976475391
6332	0.1976427124
6333	0.1976390379
6334	0.1976350856
6335	0.1976309994
6336	0.1976275576
6337	0.1976231958
6338	0.1976183617
6339	0.1976126515
6340	0.1976090801
6341	0.1976059597
6342	0.1976021432
6343	0.1975987895
6344	0.1975959267
6345	0.1975912702
6346	0.1975860082
6347	0.1975815044
6348	0.197577183
6349	0.1975725535
6350	0.1975679073
6351	0.1975647755
6352	0.1975612966
6353	0.1975571181
6354	0.1975551019
6355	0.1975492327
6356	0.1975455821
6357	0.197541762
6358	0.1975391346
6359	0.1975358471
6360	0.1975314774
6361	0.1975270765
6362	0.1975229699
6363	0.1975167951
6364	0.1975133023
6365	0.1975094983
6366	0.1975051842
6367	0.1975007198
6368	0.1974974856
6369	0.1974939881
6370	0.1974893156
6371	0.1974852122
6372	0.1974814073
6373	0.1974773165
6374	0.1974730246
6375	0.1974677577
6376	0.1974628141
6377	0.197459318
6378	0.1974559489
6379	0.1974506971
6380	0.1974469392
6381	0.1974435359
6382	0.1974394504
6383	0.1974352481
6384	0.1974301437
6385	0.1974250031
6386	0.1974217615
6387	0.1974175131
6388	0.1974140297
6389	0.1974088097
6390	0.1974052751
6391	0.1974015333
6392	0.1973968714
6393	0.1973928131
6394	0.1973889249
6395	0.1973862106
6396	0.1973821033
6397	0.1973788814
6398	0.1973752963
6399	0.1973703639
6400	0.1973658002
6401	0.1973621443
6402	0.1973582766
6403	0.1973540204
6404	0.1973490304
6405	0.1973441396
6406	0.1973401726
6407	0.1973356147
6408	0.1973308403
6409	0.1973256473
6410	0.1973202566
6411	0.1973147279
6412	0.1973118136
6413	0.1973082656
6414	0.1973043187
6415	0.1972996389
6416	0.1972955242
6417	0.1972919142
6418	0.1972875349
6419	0.1972843055
6420	0.1972797624
6421	0.1972748242
6422	0.1972714162
6423	0.1972669952
6424	0.1972628872
6425	0.1972588315
6426	0.1972558136
6427	0.1972514567
6428	0.1972470995
6429	0.1972433544
6430	0.1972390803
6431	0.1972355792
6432	0.1972307925
6433	0.1972264864
6434	0.1972228393
6435	0.1972189082
6436	0.1972146386
6437	0.1972104593
6438	0.19720675
6439	0.1972025178
6440	0.1971973992
6441	0.1971934093
6442	0.1971897795
6443	0.1971859133
6444	0.1971804144
6445	0.1971761142
6446	0.1971716703
6447	0.197168468
6448	0.1971644436
6449	0.1971600791
6450	0.1971562334
6451	0.1971518432
6452	0.1971479119
6453	0.1971442008
6454	0.1971407756
6455	0.1971373346
6456	0.1971324482
6457	0.1971296675
6458	0.1971244209
6459	0.1971200873
6460	0.197116088
6461	0.197110558
6462	0.1971064186
6463	0.1971032402
6464	0.1970992288
6465	0.1970959965
6466	0.1970922232
6467	0.1970875193
6468	0.197083713
6469	0.1970800652
6470	0.1970759426
6471	0.197071497
6472	0.1970667551
6473	0.1970637218
6474	0.1970603212
6475	0.1970566306
6476	0.1970529451
6477	0.1970499552
6478	0.1970456094
6479	0.1970411473
6480	0.1970360532
6481	0.1970307624
6482	0.1970259507
6483	0.1970216521
6484	0.197018901
6485	0.1970155317
6486	0.197012832
6487	0.1970095295
6488	0.1970059067
6489	0.1970024768
6490	0.1969979752
6491	0.1969942456
6492	0.196989721
6493	0.1969857395
6494	0.1969813084
6495	0.1969769522
6496	0.1969729813
6497	0.1969701273
6498	0.1969654325
6499	0.1969622495
6500	0.1969580422
6501	0.1969540099
6502	0.1969498774
6503	0.1969460556
6504	0.1969422594
6505	0.196936584
6506	0.196932917
6507	0.1969291589
6508	0.1969256555
6509	0.196922309
6510	0.1969176046
6511	0.1969145212
6512	0.1969100723
6513	0.196905758
6514	0.1969022097
6515	0.1968982948
6516	0.1968936498
6517	0.1968900309
6518	0.1968858283
6519	0.1968817178
6520	0.1968779707
6521	0.1968730707
6522	0.1968683135
6523	0.1968645089
6524	0.196861525
6525	0.1968566977
6526	0.1968517984
6527	0.1968484628
6528	0.196845717
6529	0.1968416794
6530	0.1968371822
6531	0.1968327794
6532	0.1968296532
6533	0.1968261229
6534	0.1968224898
6535	0.19681858
6536	0.1968138375
6537	0.1968091008
6538	0.1968052822
6539	0.1968021995
6540	0.1967982434
6541	0.1967936901
6542	0.1967906642
6543	0.1967845622
6544	0.1967811848
6545	0.1967776873
6546	0.1967744731
6547	0.1967692849
6548	0.1967648769
6549	0.1967612535
6550	0.1967577613
6551	0.1967537149
6552	0.1967494111
6553	0.1967454426
6554	0.1967421147
6555	0.1967385652
6556	0.1967337316
6557	0.1967303801
6558	0.1967254304
6559	0.1967219674
6560	0.196716707
6561	0.1967128007
6562	0.1967069925
6563	0.1967034139
6564	0.1966981578
6565	0.196695055
6566	0.1966910063
6567	0.1966873021
6568	0.1966844332
6569	0.1966813044
6570	0.196675458
6571	0.1966719847
6572	0.1966677882
6573	0.1966626533
6574	0.1966588513
6575	0.1966538883
6576	0.1966510498
6577	0.1966473647
6578	0.1966439779
6579	0.1966402861
6580	0.1966364081
6581	0.1966310983
6582	0.1966278598
6583	0.1966236346
6584	0.1966202287
6585	0.1966164324
6586	0.1966122924
6587	0.1966100602
6588	0.196606934
6589	0.196602597
6590	0.1965985849
6591	0.1965950251
6592	0.1965906496
6593	0.1965872415
6594	0.1965827579
6595	0.1965784332
6596	0.1965748589
6597	0.1965712901
6598	0.1965674046
6599	0.1965628471
6600	0.1965594419
6601	0.1965553436
6602	0.1965505834
6603	0.1965461758
6604	0.196541152
6605	0.1965364089
6606	0.196531078
6607	0.1965269087
6608	0.1965231722
6609	0.1965195986
6610	0.1965153318
6611	0.1965102056
6612	0.1965054562
6613	0.196500377
6614	0.1964965116
6615	0.1964930078
6616	0.1964898342
6617	0.1964854619
6618	0.1964807513
6619	0.1964775435
6620	0.1964732454
6621	0.1964695862
6622	0.1964662819
6623	0.196462738
6624	0.1964585715
6625	0.1964549198
6626	0.1964508085
6627	0.1964477074
6628	0.196443259
6629	0.1964391337
6630	0.1964342838
6631	0.196429438
6632	0.1964244371
6633	0.1964205883
6634	0.1964164385
6635	0.1964135029
6636	0.1964105596
6637	0.1964071102
6638	0.196402822
6639	0.1963982862
6640	0.1963922875
6641	0.1963883975
6642	0.1963850591
6643	0.1963809322
6644	0.1963767784
6645	0.1963730176
6646	0.1963683282
6647	0.1963644531
6648	0.1963595828
6649	0.196355448
6650	0.1963516726
6651	0.1963479959
6652	0.1963436769
6653	0.196339124
6654	0.1963359152
6655	0.1963315588
6656	0.1963255518
6657	0.1963255498
6658	0.1963227352
6659	0.1963188041
6660	0.1963160567
6661	0.1963135411
6662	0.19630673
6663	0.1963038893
6664	0.1962999526
6665	0.1962963366
6666	0.1962915113
6667	0.1962884304
6668	0.1962849564
6669	0.19628039
6670	0.196276195
6671	0.1962731103
6672	0.196269018
6673	0.1962663959
6674	0.196262691
6675	0.1962590446
6676	0.1962559531
6677	0.196252268
6678	0.1962485381
6679	0.1962451044
6680	0.1962410891
6681	0.1962378676
6682	0.1962334123
6683	0.1962281987
6684	0.1962237437
6685	0.1962201909
6686	0.1962165149
6687	0.1962108424
6688	0.1962068413
6689	0.1962040116
6690	0.1961990975
6691	0.1961927849
6692	0.196189533
6693	0.1961855188
6694	0.1961817686
6695	0.196177653
6696	0.1961718583
6697	0.196168008
6698	0.1961647332
6699	0.1961609399
6700	0.1961577345
6701	0.1961540556
6702	0.1961487709
6703	0.19614543
6704	0.1961412495
6705	0.19613777
6706	0.1961351443
6707	0.1961306465
6708	0.1961263592
6709	0.1961224934
6710	0.1961181931
6711	0.1961130981
6712	0.196109144
6713	0.1961053975
6714	0.1961012639
6715	0.1960986295
6716	0.1960939159
6717	0.1960895307
6718	0.1960866679
6719	0.196083137
6720	0.1960789973
6721	0.196075883
6722	0.1960707772
6723	0.1960675124
6724	0.1960633712
6725	0.196059772
6726	0.1960547308
6727	0.1960496371
6728	0.1960450446
6729	0.1960417175
6730	0.1960370741
6731	0.1960340254
6732	0.1960304003
6733	0.1960262477
6734	0.1960245115
6735	0.1960207423
6736	0.1960181154
6737	0.1960134501
6738	0.1960091557
6739	0.1960044587
6740	0.19599858
6741	0.1959949108
6742	0.1959914499
6743	0.1959875645
6744	0.19598339
6745	0.1959800193
6746	0.1959760462
6747	0.1959723713
6748	0.1959680572
6749	0.1959645426
6750	0.195960305
6751	0.1959570134
6752	0.1959533309
6753	0.1959494136
6754	0.1959472408
6755	0.1959367922
6756	0.1959320022
6757	0.1959286703
6758	0.1959259379
6759	0.1959223035
6760	0.1959194435
6761	0.1959157655
6762	0.1959113185
6763	0.1959062169
6764	0.1959019106
6765	0.1958978892
6766	0.1958937337
6767	0.1958895114
6768	0.195883922
6769	0.1958798679
6770	0.1958766274
6771	0.1958726251
6772	0.1958691871
6773	0.1958648232
6774	0.1958596006
6775	0.1958551251
6776	0.1958517847
6777	0.1958483991
6778	0.1958446055
6779	0.1958407183
6780	0.195835617
6781	0.195831097
6782	0.1958273568
6783	0.1958232526
6784	0.1958193067
6785	0.1958148362
6786	0.195810105
6787	0.1958061787
6788	0.195801299
6789	0.195797927
6790	0.1957940358
6791	0.1957897999
6792	0.1957853626
6793	0.1957811378
6794	0.1957781473
6795	0.1957740202
6796	0.1957705206
6797	0.1957673132
6798	0.19576321
6799	0.1957586455
6800	0.1957553008
6801	0.1957510646
6802	0.1957471419
6803	0.1957435138
6804	0.1957401096
6805	0.1957368114
6806	0.1957315321
6807	0.1957272213
6808	0.1957225925
6809	0.1957178501
6810	0.1957137449
6811	0.1957095821
6812	0.1957059976
6813	0.195702064
6814	0.1956996494
6815	0.1956962789
6816	0.1956916937
6817	0.1956879721
6818	0.1956825952
6819	0.1956796066
6820	0.1956755949
6821	0.1956729068
6822	0.1956675969
6823	0.1956635314
6824	0.1956593011
6825	0.1956557766
6826	0.1956521654
6827	0.1956495529
6828	0.1956450013
6829	0.1956418091
6830	0.1956378604
6831	0.1956341825
6832	0.1956308598
6833	0.1956275638
6834	0.1956236124
6835	0.1956191714
6836	0.1956148922
6837	0.1956112238
6838	0.1956078806
6839	0.1956038058
6840	0.1955998612
6841	0.1955953561
6842	0.1955912064
6843	0.1955866385
6844	0.1955828525
6845	0.1955778996
6846	0.1955736312
6847	0.1955683682
6848	0.1955643297
6849	0.1955609982
6850	0.195560977
6851	0.1955585854
6852	0.1955553459
6853	0.1955520396
6854	0.1955481241
6855	0.1955452977
6856	0.195541628
6857	0.1955378147
6858	0.1955337237
6859	0.195531138
6860	0.1955269175
6861	0.1955224053
6862	0.1955186077
6863	0.1955153792
6864	0.1955104682
6865	0.195506725
6866	0.1955027555
6867	0.1954985632
6868	0.195494159
6869	0.1954898066
6870	0.1954855024
6871	0.1954810565
6872	0.1954763298
6873	0.1954715992
6874	0.1954677089
6875	0.1954631812
6876	0.1954581023
6877	0.1954541629
6878	0.1954496665
6879	0.1954443523
6880	0.1954392323
6881	0.1954334658
6882	0.1954296602
6883	0.1954253678
6884	0.1954215386
6885	0.1954175547
6886	0.1954125377
6887	0.195407919
6888	0.19540324
6889	0.195399694
6890	0.1953965811
6891	0.1953921073
6892	0.1953874422
6893	0.1953830546
6894	0.1953777151
6895	0.1953725269
6896	0.1953691539
6897	0.1953648572
6898	0.1953613765
6899	0.1953583796
6900	0.1953545517
6901	0.1953512491
6902	0.1953469688
6903	0.1953435707
6904	0.1953388206
6905	0.1953347949
6906	0.1953310605
6907	0.1953273771
6908	0.1953243144
6909	0.1953195759
6910	0.1953157818
6911	0.195310418
6912	0.1953066033
6913	0.1953023414
6914	0.1952978726
6915	0.1952945833
6916	0.1952911841
6917	0.1952864213
6918	0.195282378
6919	0.1952772255
6920	0.195272521
6921	0.1952686733
6922	0.1952646372
6923	0.1952605001
6924	0.1952560085
6925	0.1952513033
6926	0.195246788
6927	0.1952432874
6928	0.1952397465
6929	0.1952361104
6930	0.1952320748
6931	0.1952279555
6932	0.1952240863
6933	0.1952196832
6934	0.1952163202
6935	0.1952113311
6936	0.1952072642
6937	0.195203078
6938	0.1951987704
6939	0.195195092
6940	0.1951908543
6941	0.1951865804
6942	0.1951832405
6943	0.1951778049
6944	0.195174233
6945	0.1951699205
6946	0.1951662611
6947	0.1951612399
6948	0.1951576602
6949	0.1951511405
6950	0.1951484163
6951	0.1951452194
6952	0.1951422419
6953	0.1951379779
6954	0.1951342891
6955	0.1951314481
6956	0.1951290646
6957	0.1951250233
6958	0.1951206724
6959	0.1951173539
6960	0.1951148434
6961	0.1951108632
6962	0.1951063146
6963	0.1951024992
6964	0.1950982593
6965	0.1950943747
6966	0.1950890602
6967	0.1950852416
6968	0.1950819127
6969	0.1950780271
6970	0.1950740035
6971	0.1950698789
6972	0.1950644717
6973	0.1950613211
6974	0.1950571916
6975	0.1950535197
6976	0.1950493738
6977	0.1950437897
6978	0.19504032
6979	0.1950362069
6980	0.1950310163
6981	0.195028197
6982	0.1950228848
6983	0.1950192986
6984	0.1950162153
6985	0.1950132589
6986	0.1950097403
6987	0.1950066892
6988	0.19500338
6989	0.1949994774
6990	0.1949951067
6991	0.1949915707
6992	0.1949867144
6993	0.1949814284
6994	0.1949772581
6995	0.1949732403
6996	0.1949688307
6997	0.19496427
6998	0.1949610886
6999	0.1949572253
7000	0.1949528635
7001	0.1949470286
7002	0.194942802
7003	0.1949391754
7004	0.1949362084
7005	0.1949319063
7006	0.1949280106
7007	0.1949234891
7008	0.1949202803
7009	0.1949167306
7010	0.1949116843
7011	0.1949075426
7012	0.1949019658
7013	0.1948981069
7014	0.1948927258
7015	0.1948877421
7016	0.1948844639
7017	0.1948812313
7018	0.1948773178
7019	0.1948730313
7020	0.1948691209
7021	0.1948655603
7022	0.1948626905
7023	0.1948586818
7024	0.1948535871
7025	0.1948490725
7026	0.1948433087
7027	0.194839413
7028	0.1948355713
7029	0.1948307954
7030	0.1948251321
7031	0.1948212557
7032	0.1948187733
7033	0.1948147361
7034	0.1948101328
7035	0.1948069704
7036	0.1948028557
7037	0.194797677
7038	0.194794677
7039	0.194790804
7040	0.1947869801
7041	0.1947836976
7042	0.19478127
7043	0.1947769811
7044	0.1947720496
7045	0.1947683499
7046	0.1947644766
7047	0.1947606681
7048	0.1947560352
7049	0.1947525759
7050	0.1947489334
7051	0.1947463498
7052	0.1947421298
7053	0.1947393686
7054	0.1947349638
7055	0.1947301499
7056	0.194725897
7057	0.1947226368
7058	0.1947186345
7059	0.1947146971
7060	0.1947100329
7061	0.1947060389
7062	0.1947020431
7063	0.1946981035
7064	0.1946935393
7065	0.1946895373
7066	0.194685115
7067	0.1946824285
7068	0.1946799125
7069	0.1946751946
7070	0.1946716972
7071	0.1946681509
7072	0.1946636794
7073	0.1946598896
7074	0.1946569795
7075	0.1946514648
7076	0.1946484749
7077	0.1946450529
7078	0.1946394645
7079	0.1946351606
7080	0.1946315574
7081	0.1946280273
7082	0.1946244472
7083	0.1946202569
7084	0.1946167811
7085	0.1946115464
7086	0.1946081053
7087	0.1946047009
7088	0.1946002827
7089	0.1945961557
7090	0.1945926213
7091	0.1945886718
7092	0.194585942
7093	0.1945825709
7094	0.1945785008
7095	0.1945748331
7096	0.1945712846
7097	0.1945661801
7098	0.1945620272
7099	0.194558499
7100	0.1945539793
7101	0.1945504249
7102	0.1945453919
7103	0.1945409241
7104	0.1945367288
7105	0.1945315049
7106	0.1945275163
7107	0.1945224483
7108	0.1945184283
7109	0.1945156211
7110	0.1945121253
7111	0.1945076256
7112	0.1945035408
7113	0.1944983328
7114	0.1944947733
7115	0.1944907492
7116	0.1944867027
7117	0.1944846025
7118	0.1944807369
7119	0.1944774833
7120	0.1944729437
7121	0.1944701187
7122	0.1944667347
7123	0.1944615611
7124	0.1944567713
7125	0.1944512831
7126	0.1944474195
7127	0.1944437698
7128	0.1944402008
7129	0.1944361856
7130	0.1944309039
7131	0.194426106
7132	0.1944218131
7133	0.1944180598
7134	0.1944134689
7135	0.1944103752
7136	0.1944061371
7137	0.1944014987
7138	0.1943981759
7139	0.1943938013
7140	0.194388273
7141	0.1943845341
7142	0.1943802585
7143	0.1943751085
7144	0.1943706935
7145	0.1943662223
7146	0.1943618575
7147	0.1943573033
7148	0.1943535776
7149	0.1943493271
7150	0.1943443241
7151	0.1943393604
7152	0.1943351295
7153	0.1943304899
7154	0.1943263518
7155	0.1943233309
7156	0.1943194453
7157	0.1943153437
7158	0.1943119239
7159	0.1943078401
7160	0.1943038655
7161	0.1942988226
7162	0.1942911849
7163	0.1942874308
7164	0.1942819899
7165	0.1942786408
7166	0.1942747369
7167	0.1942720068
7168	0.1942677179
7169	0.1942649778
7170	0.1942614575
7171	0.1942578424
7172	0.1942544083
7173	0.1942498952
7174	0.1942447487
7175	0.1942396828
7176	0.1942365088
7177	0.1942315086
7178	0.194227199
7179	0.1942231385
7180	0.1942200599
7181	0.1942158923
7182	0.1942133055
7183	0.1942102461
7184	0.1942058614
7185	0.1942019653
7186	0.1941971564
7187	0.1941932294
7188	0.1941907348
7189	0.1941868027
7190	0.1941825532
7191	0.1941786042
7192	0.1941749271
7193	0.1941714822
7194	0.1941670615
7195	0.1941627951
7196	0.1941587798
7197	0.1941537726
7198	0.1941496062
7199	0.1941447189
7200	0.1941407992
7201	0.1941376766
7202	0.1941328432
7203	0.1941286125
7204	0.1941246486
7205	0.194120009
7206	0.194116829
7207	0.1941133581
7208	0.1941102745
7209	0.1941072123
7210	0.1941032807
7211	0.1941005787
7212	0.1940949968
7213	0.1940923209
7214	0.1940887649
7215	0.1940845485
7216	0.1940807244
7217	0.1940773304
7218	0.1940735811
7219	0.1940713314
7220	0.1940677953
7221	0.194063541
7222	0.19405968
7223	0.1940564844
7224	0.1940528051
7225	0.1940500102
7226	0.1940458678
7227	0.1940415854
7228	0.1940382721
7229	0.1940330934
7230	0.194029526
7231	0.1940241862
7232	0.1940214303
7233	0.1940170407
7234	0.1940142249
7235	0.1940093166
7236	0.1940058389
7237	0.1940019648
7238	0.1939978183
7239	0.1939940635
7240	0.1939889687
7241	0.1939858096
7242	0.1939827563
7243	0.1939789039
7244	0.1939748384
7245	0.1939704167
7246	0.1939675751
7247	0.1939632881
7248	0.1939602824
7249	0.1939572604
7250	0.1939527662
7251	0.1939489496
7252	0.193944166
7253	0.1939405694
7254	0.1939356133
7255	0.1939327101
7256	0.193928171
7257	0.1939258012
7258	0.1939231482
7259	0.1939188145
7260	0.1939146176
7261	0.193910856
7262	0.1939076726
7263	0.1939036981
7264	0.1939002817
7265	0.1938956371
7266	0.1938922406
7267	0.1938898583
7268	0.1938858015
7269	0.1938809462
7270	0.1938773188
7271	0.1938752338
7272	0.1938712575
7273	0.1938682786
7274	0.1938643101
7275	0.1938609792
7276	0.1938556736
7277	0.1938523007
7278	0.1938477499
7279	0.1938445337
7280	0.1938410981
7281	0.1938363853
7282	0.1938325823
7283	0.1938293608
7284	0.1938258358
7285	0.1938233846
7286	0.1938201686
7287	0.1938157217
7288	0.1938118578
7289	0.1938079832
7290	0.1938045323
7291	0.1938012867
7292	0.193798006
