iter	Passed	Remaining
0	35	315743
1	62	281084
2	90	271902
3	120	272012
4	149	269814
5	179	269559
6	211	271135
7	243	273524
8	274	274311
9	308	277010
10	344	281371
11	383	287437
12	421	291516
13	456	292923
14	493	295803
15	529	297256
16	566	299325
17	607	303127
18	648	306443
19	690	309871
20	733	313558
21	778	317544
22	820	320283
23	859	321381
24	893	320634
25	927	320294
26	963	320059
27	996	319186
28	1029	318528
29	1064	318386
30	1102	318904
31	1136	318541
32	1171	318314
33	1206	318236
34	1238	317120
35	1274	317420
36	1307	316694
37	1346	317463
38	1382	317692
39	1416	317241
40	1449	316651
41	1484	316718
42	1520	316683
43	1554	316509
44	1591	316624
45	1627	316868
46	1657	315783
47	1690	315339
48	1720	314362
49	1753	313866
50	1784	313130
51	1816	312556
52	1851	312525
53	1881	311754
54	1916	311663
55	1956	312496
56	1994	312939
57	2025	312267
58	2057	311750
59	2091	311639
60	2126	311677
61	2158	311128
62	2193	311131
63	2225	310804
64	2258	310478
65	2289	309875
66	2321	309542
67	2353	309165
68	2380	308135
69	2414	308049
70	2446	307660
71	2477	307159
72	2510	306981
73	2540	306414
74	2571	305968
75	2600	305408
76	2632	305099
77	2664	304730
78	2692	304086
79	2726	304031
80	2762	304140
81	2791	303598
82	2821	303091
83	2852	302754
84	2881	302265
85	2978	308746
86	3015	308899
87	3044	308323
88	3071	307516
89	3100	306965
90	3127	306204
91	3154	305486
92	3189	305437
93	3220	305131
94	3252	304854
95	3284	304648
96	3315	304347
97	3342	303583
98	3374	303384
99	3403	302913
100	3431	302383
101	3463	302155
102	3491	301625
103	3523	301400
104	3556	301316
105	3585	300859
106	3652	303528
107	3683	303278
108	3715	303053
109	3747	302848
110	3786	303194
111	3821	303279
112	3854	303163
113	3885	302833
114	3917	302631
115	3944	302124
116	3976	301894
117	4008	301700
118	4033	301045
119	4064	300778
120	4095	300530
121	4121	299918
122	4151	299595
123	4179	299172
124	4211	299041
125	4245	299015
126	4280	299051
127	4311	298861
128	4344	298749
129	4371	298279
130	4407	298415
131	4444	298572
132	4480	298684
133	4519	299033
134	4554	299062
135	4591	299288
136	4627	299387
137	4670	299929
138	4711	300360
139	4759	301232
140	4802	301716
141	4848	302440
142	4908	303997
143	4958	304950
144	4987	304607
145	5018	304357
146	5046	303920
147	5077	303660
148	5107	303403
149	5134	302961
150	5166	302789
151	5197	302524
152	5225	302138
153	5254	301841
154	5283	301503
155	5311	301132
156	5338	300699
157	5370	300556
158	5398	300168
159	5427	299852
160	5460	299759
161	5490	299559
162	5520	299271
163	5547	298912
164	5579	298751
165	5606	298374
166	5638	298241
167	5664	297812
168	5695	297592
169	5725	297403
170	5760	297400
171	5787	297030
172	5818	296899
173	5848	296658
174	5883	296703
175	5916	296635
176	5945	296379
177	5983	296529
178	6021	296742
179	6064	297176
180	6105	297505
181	6148	297920
182	6188	298174
183	6227	298377
184	6268	298693
185	6304	298752
186	6347	299162
187	6390	299528
188	6436	300086
189	6500	301399
190	6548	302011
191	6593	302486
192	6637	302888
193	6679	303201
194	6710	303005
195	6743	302907
196	6785	303202
197	6825	303430
198	6858	303336
199	6890	303172
200	6924	303123
201	6956	303003
202	6986	302772
203	7015	302497
204	7046	302326
205	7075	302060
206	7107	301905
207	7138	301749
208	7165	301408
209	7196	301232
210	7225	300972
211	7260	300956
212	7291	300782
213	7318	300485
214	7346	300176
215	7374	299906
216	7402	299609
217	7430	299346
218	7460	299153
219	7487	298808
220	7515	298561
221	7544	298297
222	7583	298465
223	7614	298307
224	7645	298180
225	7676	298035
226	7705	297813
227	7737	297707
228	7766	297482
229	7797	297340
230	7825	297048
231	7853	296816
232	7885	296694
233	7912	296419
234	7943	296272
235	7971	296010
236	7999	295774
237	8032	295709
238	8058	295414
239	8090	295318
240	8120	295125
241	8154	295097
242	8183	294895
243	8213	294737
244	8238	294391
245	8283	294784
246	8346	295761
247	8398	296386
248	8487	298278
249	8540	298928
250	8602	299841
251	8639	299926
252	8670	299779
253	8706	299786
254	8743	299846
255	8773	299670
256	8807	299627
257	8840	299550
258	8871	299411
259	8904	299334
260	8933	299125
261	8964	298961
262	8992	298733
263	9025	298664
264	9053	298415
265	9099	298786
266	9129	298620
267	9161	298489
268	9192	298363
269	9220	298137
270	9247	297871
271	9280	297787
272	9314	297768
273	9344	297576
274	9374	297425
275	9405	297290
276	9435	297127
277	9472	297201
278	9499	296938
279	9528	296732
280	9558	296572
281	9588	296438
282	9615	296188
283	9649	296158
284	9680	296021
285	9714	295975
286	9743	295788
287	9775	295710
288	9807	295617
289	9836	295443
290	9867	295322
291	9901	295285
292	9928	295050
293	9963	295040
294	9996	294970
295	10026	294838
296	10062	294849
297	10092	294713
298	10121	294547
299	10171	294980
300	10223	295475
301	10268	295754
302	10319	296208
303	10363	296454
304	10411	296798
305	10449	296884
306	10538	298411
307	10578	298531
308	10618	298667
309	10656	298738
310	10687	298606
311	10720	298532
312	10749	298351
313	10784	298325
314	10812	298126
315	10846	298074
316	10874	297867
317	10904	297721
318	10935	297579
319	10973	297658
320	11005	297564
321	11038	297496
322	11071	297409
323	11104	297342
324	11135	297227
325	11169	297199
326	11202	297129
327	11232	296969
328	11266	296936
329	11296	296795
330	11336	296896
331	11376	297033
332	11416	297148
333	11453	297169
334	11489	297180
335	11533	297410
336	11590	297955
337	11647	298491
338	11694	298786
339	11733	298866
340	11772	298934
341	11808	298941
342	11844	298943
343	11880	298954
344	11920	299047
345	11962	299202
346	12002	299292
347	12038	299297
348	12080	299439
349	12117	299478
350	12154	299490
351	12230	300477
352	12271	300604
353	12313	300746
354	12361	301017
355	12401	301129
356	12439	301163
357	12475	301162
358	12515	301245
359	12555	301340
360	12591	301333
361	12632	301430
362	12670	301473
363	12703	301405
364	12744	301497
365	12784	301598
366	12821	301599
367	12856	301575
368	12892	301553
369	12934	301695
370	12976	301817
371	13042	302510
372	13083	302610
373	13121	302626
374	13162	302730
375	13219	303213
376	13275	303643
377	13325	303948
378	13384	304447
379	13444	304968
380	13490	305191
381	13527	305183
382	13574	305402
383	13624	305694
384	13672	305941
385	13718	306140
386	13763	306323
387	13804	306402
388	13855	306699
389	13909	307081
390	13979	307805
391	14030	308087
392	14075	308268
393	14115	308329
394	14161	308511
395	14200	308543
396	14248	308768
397	14318	309474
398	14398	310378
399	14465	311003
400	14521	311404
401	14566	311552
402	14618	311857
403	14660	311938
404	14699	311966
405	14734	311894
406	14765	311740
407	14793	311532
408	14821	311323
409	14849	311122
410	14888	311127
411	14918	310968
412	14951	310865
413	14976	310602
414	15006	310425
415	15037	310290
416	15068	310142
417	15096	309951
418	15131	309893
419	15164	309797
420	15194	309622
421	15222	309422
422	15254	309314
423	15286	309193
424	15314	308993
425	15344	308840
426	15376	308727
427	15408	308600
428	15439	308463
429	15469	308307
430	15500	308173
431	15529	307994
432	15559	307847
433	15586	307643
434	15615	307458
435	15644	307299
436	15673	307121
437	15701	306929
438	15733	306816
439	15760	306619
440	15789	306440
441	15819	306303
442	15850	306169
443	15876	305939
444	15900	305684
445	15928	305489
446	15957	305336
447	15986	305173
448	16013	304967
449	16041	304781
450	16070	304629
451	16094	304363
452	16129	304333
453	16169	304373
454	16210	304436
455	16248	304447
456	16285	304441
457	16324	304470
458	16362	304472
459	16398	304450
460	16438	304488
461	16474	304460
462	16510	304420
463	16548	304440
464	16587	304469
465	16626	304491
466	16663	304479
467	16699	304452
468	16735	304418
469	16775	304453
470	16811	304429
471	16850	304457
472	16884	304383
473	16925	304442
474	16962	304426
475	17028	304945
476	17069	305005
477	17120	305223
478	17163	305324
479	17199	305291
480	17237	305294
481	17275	305294
482	17321	305439
483	17377	305758
484	17425	305927
485	17461	305902
486	17503	305971
487	17543	306001
488	17578	305943
489	17616	305959
490	17648	305847
491	17679	305726
492	17713	305649
493	17744	305536
494	17777	305450
495	17809	305351
496	17842	305254
497	17870	305092
498	17899	304941
499	17928	304792
500	17955	304601
501	17983	304434
502	18018	304385
503	18057	304394
504	18095	304391
505	18130	304353
506	18168	304349
507	18199	304225
508	18236	304218
509	18265	304063
510	18297	303969
511	18332	303919
512	18362	303779
513	18387	303567
514	18415	303408
515	18442	303227
516	18470	303061
517	18501	302958
518	18532	302838
519	18563	302726
520	18590	302545
521	18618	302388
522	18646	302234
523	18677	302114
524	18709	302020
525	18738	301878
526	18771	301799
527	18799	301648
528	18827	301495
529	18858	301377
530	18885	301213
531	18912	301034
532	18941	300902
533	18974	300821
534	19004	300703
535	19041	300683
536	19080	300707
537	19118	300711
538	19155	300693
539	19191	300669
540	19254	301057
541	19294	301101
542	19330	301060
543	19358	300904
544	19388	300785
545	19418	300662
546	19441	300439
547	19471	300314
548	19500	300182
549	19531	300079
550	19570	300086
551	19609	300108
552	19641	300024
553	19679	300020
554	19736	300318
555	19774	300321
556	19824	300498
557	19884	300839
558	19921	300821
559	19960	300832
560	19994	300768
561	20031	300760
562	20071	300784
563	20107	300754
564	20150	300827
565	20175	300634
566	20203	300482
567	20237	300422
568	20263	300246
569	20289	300066
570	20319	299949
571	20346	299785
572	20372	299610
573	20398	299440
574	20427	299314
575	20452	299121
576	20480	298969
577	20517	298960
578	20548	298855
579	20575	298706
580	20604	298571
581	20649	298676
582	20682	298605
583	20722	298630
584	20763	298670
585	20796	298602
586	20826	298491
587	20860	298438
588	20891	298335
589	20920	298198
590	20948	298070
591	20979	297963
592	21005	297800
593	21034	297668
594	21066	297582
595	21096	297472
596	21125	297352
597	21156	297253
598	21186	297144
599	21216	297024
600	21247	296940
601	21341	297720
602	21409	298135
603	21451	298185
604	21504	298393
605	21552	298539
606	21610	298801
607	21666	299057
608	21724	299328
609	21781	299585
610	21817	299547
611	21848	299446
612	21883	299403
613	21927	299481
614	21959	299402
615	21993	299335
616	22024	299234
617	22055	299136
618	22087	299061
619	22120	298982
620	22161	299014
621	22212	299192
622	22249	299178
623	22278	299045
624	22309	298946
625	22337	298809
626	22373	298770
627	22409	298747
628	22446	298730
629	22479	298659
630	22514	298613
631	22550	298585
632	22583	298511
633	22620	298490
634	22695	298969
635	22747	299148
636	22832	299761
637	22882	299906
638	22918	299873
639	22947	299756
640	22976	299625
641	23012	299588
642	23046	299528
643	23076	299424
644	23109	299342
645	23142	299273
646	23175	299197
647	23211	299167
648	23246	299125
649	23281	299080
650	23324	299140
651	23360	299101
652	23396	299061
653	23434	299055
654	23469	299018
655	23504	298962
656	23540	298931
657	23577	298915
658	23613	298878
659	23648	298833
660	23687	298832
661	23720	298769
662	23757	298739
663	23791	298685
664	23823	298593
665	23857	298543
666	23894	298518
667	23927	298450
668	23958	298347
669	23994	298314
670	24029	298271
671	24071	298308
672	24107	298281
673	24147	298294
674	24185	298285
675	24220	298243
676	24259	298240
677	24294	298204
678	24328	298144
679	24360	298055
680	24398	298045
681	24435	298026
682	24479	298084
683	24525	298182
684	24578	298352
685	24636	298587
686	24692	298795
687	24738	298875
688	24780	298909
689	24820	298923
690	24856	298892
691	24898	298920
692	24943	299003
693	24989	299076
694	25035	299160
695	25080	299238
696	25125	299310
697	25169	299361
698	25206	299337
699	25247	299367
700	25288	299381
701	25331	299427
702	25373	299459
703	25420	299553
704	25465	299627
705	25512	299722
706	25551	299715
707	25590	299717
708	25631	299733
709	25672	299756
710	25711	299747
711	25749	299732
712	25789	299743
713	25828	299744
714	25867	299740
715	25907	299750
716	25950	299786
717	25990	299795
718	26033	299832
719	26071	299821
720	26106	299773
721	26143	299742
722	26178	299698
723	26215	299665
724	26250	299619
725	26286	299581
726	26322	299536
727	26358	299503
728	26390	299416
729	26425	299365
730	26458	299296
731	26494	299260
732	26530	299223
733	26568	299199
734	26605	299179
735	26644	299173
736	26691	299258
737	26735	299308
738	26777	299338
739	26818	299352
740	26860	299379
741	26904	299426
742	26951	299510
743	27002	299640
744	27051	299746
745	27096	299804
746	27144	299899
747	27191	299976
748	27238	300064
749	27283	300115
750	27321	300100
751	27351	299990
752	27380	299877
753	27415	299824
754	27442	299682
755	27471	299568
756	27498	299432
757	27530	299353
758	27559	299237
759	27594	299184
760	27622	299055
761	27655	298988
762	27699	299035
763	27730	298940
764	27765	298882
765	27797	298799
766	27831	298748
767	27869	298721
768	27907	298706
769	27939	298624
770	27975	298584
771	28008	298518
772	28039	298424
773	28071	298337
774	28102	298244
775	28136	298190
776	28168	298105
777	28204	298064
778	28233	297953
779	28267	297895
780	28300	297829
781	28331	297730
782	28402	298062
783	28439	298029
784	28479	298035
785	28506	297905
786	28534	297778
787	28562	297658
788	28595	297585
789	28624	297473
790	28654	297373
791	28681	297249
792	28715	297180
793	28742	297056
794	28770	296929
795	28801	296846
796	28834	296776
797	28865	296683
798	28895	296590
799	28926	296497
800	28958	296419
801	28989	296328
802	29017	296213
803	29048	296119
804	29077	296012
805	29108	295925
806	29139	295840
807	29171	295763
808	29202	295665
809	29227	295525
810	29259	295444
811	29290	295358
812	29318	295237
813	29350	295160
814	29381	295080
815	29411	294979
816	29441	294881
817	29475	294822
818	29505	294729
819	29536	294640
820	29564	294525
821	29592	294411
822	29624	294340
823	29650	294203
824	29685	294156
825	29716	294067
826	29750	294020
827	29782	293937
828	29815	293877
829	29847	293801
830	29879	293729
831	29915	293686
832	29955	293689
833	29993	293677
834	30033	293677
835	30077	293721
836	30120	293751
837	30167	293831
838	30216	293913
839	30261	293972
840	30310	294060
841	30354	294095
842	30400	294159
843	30444	294199
844	30489	294255
845	30535	294313
846	30577	294328
847	30621	294374
848	30658	294340
849	30687	294241
850	30716	294134
851	30746	294044
852	30778	293960
853	30808	293867
854	30840	293796
855	30878	293775
856	30916	293764
857	30957	293769
858	31002	293819
859	31040	293805
860	31079	293789
861	31114	293747
862	31152	293725
863	31189	293699
864	31228	293692
865	31260	293617
866	31294	293564
867	31334	293564
868	31377	293590
869	31419	293614
870	31456	293582
871	31495	293575
872	31536	293578
873	31584	293653
874	31614	293559
875	31642	293449
876	31675	293384
877	31711	293346
878	31746	293307
879	31778	293226
880	31812	293174
881	31841	293068
882	31869	292961
883	31897	292851
884	31924	292735
885	31952	292617
886	31980	292508
887	32012	292435
888	32041	292336
889	32068	292220
890	32096	292114
891	32127	292026
892	32154	291913
893	32187	291844
894	32219	291772
895	32247	291669
896	32286	291656
897	32314	291547
898	32350	291511
899	32385	291467
900	32416	291384
901	32450	291332
902	32477	291216
903	32506	291118
904	32537	291040
905	32635	291555
906	32710	291867
907	32762	291977
908	32801	291969
909	32856	292094
910	32894	292077
911	32928	292022
912	32967	292015
913	33003	291973
914	33040	291945
915	33077	291920
916	33117	291918
917	33155	291895
918	33197	291915
919	33245	291985
920	33289	292013
921	33325	291975
922	33361	291940
923	33393	291870
924	33430	291835
925	33467	291807
926	33503	291776
927	33535	291703
928	33573	291680
929	33609	291642
930	33644	291593
931	33681	291570
932	33717	291531
933	33749	291463
934	33783	291401
935	33816	291344
936	33855	291328
937	33888	291269
938	33923	291219
939	33959	291188
940	33995	291144
941	34025	291061
942	34061	291020
943	34093	290947
944	34125	290880
945	34163	290858
946	34196	290794
947	34230	290743
948	34266	290706
949	34301	290660
950	34337	290624
951	34373	290583
952	34408	290540
953	34444	290500
954	34480	290469
955	34515	290419
956	34548	290356
957	34581	290299
958	34644	290482
959	34684	290479
960	34727	290503
961	34771	290535
962	34849	290849
963	34889	290844
964	34931	290857
965	34973	290867
966	35021	290926
967	35075	291038
968	35119	291066
969	35159	291060
970	35199	291060
971	35237	291033
972	35275	291014
973	35309	290959
974	35348	290942
975	35384	290909
976	35418	290849
977	35453	290805
978	35488	290756
979	35522	290707
980	35556	290650
981	35588	290580
982	35625	290552
983	35660	290500
984	35694	290448
985	35727	290387
986	35763	290349
987	35797	290295
988	35832	290249
989	35864	290172
990	35898	290121
991	35932	290065
992	35992	290226
993	36034	290237
994	36076	290246
995	36114	290223
996	36154	290215
997	36196	290222
998	36236	290218
999	36276	290210
1000	36316	290206
1001	36361	290239
1002	36401	290231
1003	36439	290211
1004	36477	290186
1005	36517	290183
1006	36560	290195
1007	36599	290178
1008	36631	290109
1009	36668	290081
1010	36705	290050
1011	36736	289974
1012	36767	289896
1013	36802	289845
1014	36844	289856
1015	36880	289819
1016	36918	289794
1017	36956	289771
1018	36989	289708
1019	37028	289694
1020	37064	289655
1021	37105	289656
1022	37146	289656
1023	37182	289620
1024	37223	289615
1025	37263	289609
1026	37306	289622
1027	37343	289592
1028	37384	289592
1029	37424	289588
1030	37463	289572
1031	37502	289557
1032	37557	289658
1033	37618	289812
1034	37666	289871
1035	37730	290041
1036	37783	290131
1037	37826	290150
1038	37863	290115
1039	37905	290123
1040	37944	290105
1041	37980	290065
1042	38034	290165
1043	38104	290381
1044	38159	290488
1045	38198	290466
1046	38237	290454
1047	38278	290451
1048	38322	290471
1049	38353	290392
1050	38386	290329
1051	38419	290262
1052	38448	290171
1053	38482	290116
1054	38514	290045
1055	38555	290046
1056	38593	290020
1057	38635	290019
1058	38677	290023
1059	38713	289987
1060	38751	289962
1061	38787	289916
1062	38817	289834
1063	38847	289748
1064	38873	289636
1065	38906	289575
1066	38937	289495
1067	38968	289420
1068	38999	289339
1069	39034	289289
1070	39066	289226
1071	39095	289130
1072	39125	289048
1073	39157	288978
1074	39189	288907
1075	39220	288830
1076	39252	288761
1077	39285	288699
1078	39315	288620
1079	39342	288509
1080	39373	288435
1081	39402	288343
1082	39433	288265
1083	39464	288195
1084	39495	288113
1085	39524	288024
1086	39553	287938
1087	39579	287827
1088	39611	287756
1089	39651	287748
1090	39697	287780
1091	39736	287758
1092	39775	287742
1093	39811	287707
1094	39850	287686
1095	39878	287591
1096	39912	287535
1097	39943	287459
1098	39970	287360
1099	40002	287292
1100	40039	287261
1101	40076	287230
1102	40111	287182
1103	40148	287146
1104	40183	287100
1105	40219	287066
1106	40257	287037
1107	40291	286985
1108	40319	286890
1109	40352	286826
1110	40384	286759
1111	40414	286680
1112	40442	286586
1113	40471	286499
1114	40502	286424
1115	40529	286321
1116	40560	286246
1117	40588	286149
1118	40618	286075
1119	40654	286032
1120	40692	286012
1121	40730	285982
1122	40768	285963
1123	40805	285926
1124	40833	285834
1125	40868	285790
1126	40900	285721
1127	40932	285658
1128	40965	285594
1129	40993	285506
1130	41022	285417
1131	41051	285332
1132	41084	285268
1133	41114	285191
1134	41144	285110
1135	41173	285027
1136	41207	284971
1137	41239	284907
1138	41269	284831
1139	41301	284766
1140	41335	284710
1141	41365	284631
1142	41394	284547
1143	41428	284494
1144	41463	284448
1145	41493	284373
1146	41527	284317
1147	41559	284255
1148	41592	284197
1149	41623	284123
1150	41654	284055
1151	41689	284007
1152	41721	283947
1153	41747	283841
1154	41776	283752
1155	41807	283683
1156	41838	283609
1157	41869	283540
1158	41898	283456
1159	41931	283400
1160	41958	283303
1161	41993	283258
1162	42026	283199
1163	42055	283118
1164	42084	283032
1165	42110	282928
1166	42140	282849
1167	42168	282757
1168	42199	282687
1169	42228	282604
1170	42262	282554
1171	42295	282496
1172	42329	282447
1173	42363	282400
1174	42392	282318
1175	42421	282233
1176	42453	282169
1177	42482	282088
1178	42516	282036
1179	42548	281973
1180	42575	281876
1181	42606	281809
1182	42638	281747
1183	42680	281748
1184	42710	281676
1185	42742	281613
1186	42778	281574
1187	42812	281525
1188	42843	281456
1189	42878	281415
1190	42910	281348
1191	42944	281302
1192	42977	281247
1193	43008	281175
1194	43038	281098
1195	43070	281035
1196	43104	280988
1197	43138	280941
1198	43168	280866
1199	43201	280807
1200	43237	280776
1201	43316	281016
1202	43357	281015
1203	43395	280990
1204	43434	280973
1205	43481	281006
1206	43526	281029
1207	43570	281045
1208	43615	281066
1209	43654	281047
1210	43689	281004
1211	43724	280964
1212	43754	280889
1213	43789	280842
1214	43821	280779
1215	43856	280737
1216	43884	280653
1217	43914	280574
1218	43944	280504
1219	43976	280440
1220	44009	280382
1221	44041	280325
1222	44074	280267
1223	44108	280221
1224	44137	280139
1225	44175	280112
1226	44203	280029
1227	44240	279995
1228	44275	279953
1229	44310	279909
1230	44344	279865
1231	44379	279819
1232	44412	279767
1233	44445	279711
1234	44477	279647
1235	44509	279591
1236	44539	279516
1237	44573	279468
1238	44614	279462
1239	44646	279401
1240	44680	279350
1241	44716	279315
1242	44753	279284
1243	44784	279218
1244	44817	279163
1245	44849	279104
1246	44878	279026
1247	44910	278964
1248	44941	278896
1249	44972	278828
1250	45006	278781
1251	45035	278699
1252	45067	278642
1253	45098	278575
1254	45131	278520
1255	45166	278477
1256	45198	278418
1257	45228	278345
1258	45257	278268
1259	45289	278207
1260	45316	278113
1261	45350	278069
1262	45379	277989
1263	45408	277911
1264	45440	277851
1265	45468	277765
1266	45503	277725
1267	45531	277644
1268	45560	277561
1269	45590	277493
1270	45618	277407
1271	45651	277352
1272	45677	277256
1273	45713	277224
1274	45754	277219
1275	45794	277207
1276	45830	277171
1277	45870	277160
1278	45908	277140
1279	45945	277108
1280	45981	277073
1281	46017	277038
1282	46057	277026
1283	46097	277015
1284	46136	276999
1285	46179	277005
1286	46219	276990
1287	46251	276936
1288	46283	276877
1289	46313	276802
1290	46349	276765
1291	46384	276726
1292	46422	276704
1293	46477	276784
1294	46514	276750
1295	46554	276739
1296	46593	276725
1297	46638	276738
1298	46674	276704
1299	46715	276696
1300	46751	276664
1301	46789	276638
1302	46859	276805
1303	46908	276846
1304	46946	276822
1305	46984	276797
1306	47022	276775
1307	47062	276760
1308	47101	276741
1309	47142	276738
1310	47177	276694
1311	47228	276748
1312	47274	276771
1313	47330	276852
1314	47379	276892
1315	47419	276878
1316	47459	276865
1317	47495	276831
1318	47538	276830
1319	47578	276821
1320	47622	276830
1321	47670	276865
1322	47712	276859
1323	47751	276842
1324	47784	276789
1325	47817	276734
1326	47850	276681
1327	47877	276593
1328	47908	276530
1329	47938	276455
1330	47966	276375
1331	47998	276315
1332	48037	276296
1333	48073	276262
1334	48110	276232
1335	48146	276193
1336	48187	276185
1337	48227	276171
1338	48265	276150
1339	48301	276114
1340	48343	276112
1341	48380	276078
1342	48413	276023
1343	48448	275986
1344	48486	275961
1345	48526	275945
1346	48560	275894
1347	48587	275812
1348	48617	275739
1349	48650	275684
1350	48681	275624
1351	48707	275529
1352	48736	275454
1353	48763	275365
1354	48798	275325
1355	48828	275254
1356	48863	275211
1357	48889	275122
1358	48921	275062
1359	48956	275019
1360	48986	274948
1361	49015	274877
1362	49057	274875
1363	49111	274937
1364	49167	275014
1365	49216	275052
1366	49268	275104
1367	49310	275097
1368	49343	275046
1369	49378	275005
1370	49414	274972
1371	49454	274954
1372	49491	274927
1373	49525	274878
1374	49563	274852
1375	49600	274821
1376	49633	274770
1377	49670	274736
1378	49703	274683
1379	49739	274649
1380	49777	274625
1381	49808	274560
1382	49842	274514
1383	49875	274458
1384	49911	274421
1385	49947	274384
1386	49977	274319
1387	50007	274246
1388	50034	274163
1389	50062	274082
1390	50095	274029
1391	50121	273937
1392	50150	273863
1393	50181	273800
1394	50216	273758
1395	50245	273688
1396	50285	273671
1397	50317	273616
1398	50380	273726
1399	50434	273785
1400	50470	273752
1401	50505	273711
1402	50541	273671
1403	50577	273635
1404	50617	273621
1405	50657	273605
1406	50693	273572
1407	50735	273565
1408	50772	273538
1409	50811	273516
1410	50845	273469
1411	50885	273456
1412	50919	273406
1413	50960	273397
1414	50997	273365
1415	51032	273328
1416	51063	273265
1417	51100	273234
1418	51134	273185
1419	51167	273132
1420	51204	273103
1421	51241	273070
1422	51278	273042
1423	51311	272986
1424	51349	272963
1425	51381	272904
1426	51414	272855
1427	51446	272797
1428	51480	272749
1429	51514	272703
1430	51544	272636
1431	51571	272551
1432	51601	272483
1433	51630	272409
1434	51658	272331
1435	51687	272261
1436	51717	272194
1437	51748	272131
1438	51781	272078
1439	51810	272004
1440	51840	271940
1441	51870	271872
1442	51901	271808
1443	51928	271724
1444	51955	271645
1445	51986	271583
1446	52018	271525
1447	52047	271453
1448	52080	271399
1449	52114	271352
1450	52145	271295
1451	52175	271226
1452	52205	271158
1453	52233	271084
1454	52264	271023
1455	52295	270958
1456	52326	270896
1457	52358	270839
1458	52390	270787
1459	52423	270732
1460	52452	270665
1461	52479	270583
1462	52512	270532
1463	52567	270593
1464	52597	270526
1465	52624	270444
1466	52649	270352
1467	52684	270312
1468	52725	270302
1469	52763	270277
1470	52791	270201
1471	52818	270119
1472	52847	270049
1473	52878	269990
1474	52908	269925
1475	52936	269848
1476	52966	269782
1477	52994	269705
1478	53024	269637
1479	53058	269593
1480	53098	269580
1481	53129	269517
1482	53161	269461
1483	53193	269408
1484	53229	269371
1485	53259	269310
1486	53295	269272
1487	53328	269224
1488	53358	269157
1489	53388	269092
1490	53421	269043
1491	53453	268986
1492	53485	268933
1493	53517	268878
1494	53547	268812
1495	53581	268764
1496	53611	268700
1497	53641	268635
1498	53673	268581
1499	53704	268523
1500	53741	268491
1501	53774	268445
1502	53808	268396
1503	53838	268333
1504	53874	268296
1505	53906	268242
1506	53938	268191
1507	53969	268132
1508	53998	268060
1509	54026	267983
1510	54057	267924
1511	54088	267868
1512	54118	267804
1513	54146	267726
1514	54177	267669
1515	54208	267611
1516	54239	267552
1517	54270	267489
1518	54305	267450
1519	54338	267400
1520	54368	267339
1521	54406	267314
1522	54439	267266
1523	54475	267228
1524	54510	267192
1525	54542	267138
1526	54575	267088
1527	54607	267032
1528	54636	266965
1529	54665	266894
1530	54695	266833
1531	54729	266789
1532	54759	266726
1533	54789	266662
1534	54821	266608
1535	54850	266537
1536	54887	266512
1537	54919	266457
1538	54953	266413
1539	54987	266365
1540	55015	266296
1541	55047	266241
1542	55081	266196
1543	55113	266144
1544	55140	266065
1545	55171	266009
1546	55202	265950
1547	55233	265893
1548	55261	265821
1549	55292	265761
1550	55321	265693
1551	55355	265650
1552	55387	265596
1553	55419	265540
1554	55453	265499
1555	55487	265457
1556	55517	265394
1557	55547	265330
1558	55584	265300
1559	55617	265251
1560	55649	265201
1561	55683	265154
1562	55715	265102
1563	55746	265044
1564	55777	264985
1565	55811	264946
1566	55847	264909
1567	55880	264864
1568	55912	264809
1569	55946	264765
1570	55975	264698
1571	56009	264655
1572	56040	264596
1573	56069	264529
1574	56106	264504
1575	56140	264457
1576	56173	264410
1577	56205	264360
1578	56238	264310
1579	56271	264262
1580	56304	264214
1581	56340	264178
1582	56369	264113
1583	56400	264058
1584	56433	264009
1585	56466	263963
1586	56500	263916
1587	56532	263866
1588	56565	263819
1589	56603	263791
1590	56633	263731
1591	56666	263686
1592	56697	263629
1593	56729	263577
1594	56765	263541
1595	56794	263476
1596	56829	263436
1597	56862	263389
1598	56895	263344
1599	56930	263302
1600	56964	263261
1601	56995	263206
1602	57032	263173
1603	57062	263115
1604	57097	263073
1605	57131	263031
1606	57164	262985
1607	57200	262951
1608	57232	262899
1609	57260	262830
1610	57294	262787
1611	57328	262743
1612	57357	262679
1613	57389	262624
1614	57423	262585
1615	57455	262533
1616	57487	262480
1617	57520	262434
1618	57550	262372
1619	57588	262348
1620	57629	262338
1621	57666	262309
1622	57709	262306
1623	57748	262285
1624	57782	262244
1625	57815	262197
1626	57848	262149
1627	57881	262101
1628	57915	262059
1629	57943	261991
1630	57977	261945
1631	58013	261915
1632	58050	261884
1633	58080	261822
1634	58109	261760
1635	58143	261718
1636	58178	261676
1637	58213	261639
1638	58246	261592
1639	58276	261534
1640	58313	261505
1641	58347	261464
1642	58381	261418
1643	58413	261367
1644	58447	261328
1645	58478	261269
1646	58514	261236
1647	58549	261197
1648	58586	261167
1649	58619	261122
1650	58650	261067
1651	58686	261032
1652	58720	260989
1653	58751	260934
1654	58782	260879
1655	58818	260848
1656	58851	260802
1657	58884	260754
1658	58919	260717
1659	58951	260664
1660	58984	260618
1661	59016	260566
1662	59041	260487
1663	59083	260477
1664	59126	260476
1665	59161	260439
1666	59199	260413
1667	59232	260367
1668	59264	260318
1669	59297	260269
1670	59333	260237
1671	59366	260188
1672	59400	260148
1673	59435	260109
1674	59467	260059
1675	59499	260007
1676	59532	259963
1677	59569	259931
1678	59599	259875
1679	59632	259825
1680	59662	259768
1681	59696	259724
1682	59729	259680
1683	59763	259637
1684	59793	259576
1685	59828	259541
1686	59857	259476
1687	59889	259425
1688	59921	259376
1689	59950	259312
1690	59981	259257
1691	60010	259194
1692	60040	259135
1693	60073	259090
1694	60105	259038
1695	60140	259001
1696	60170	258943
1697	60199	258880
1698	60232	258834
1699	60261	258771
1700	60293	258720
1701	60324	258664
1702	60356	258613
1703	60385	258553
1704	60416	258497
1705	60444	258431
1706	60477	258385
1707	60509	258336
1708	60547	258309
1709	60577	258252
1710	60610	258206
1711	60638	258138
1712	60670	258088
1713	60701	258033
1714	60731	257976
1715	60758	257906
1716	60791	257857
1717	60821	257800
1718	60851	257743
1719	60881	257685
1720	60915	257642
1721	60945	257584
1722	60976	257532
1723	61010	257488
1724	61044	257449
1725	61072	257381
1726	61103	257329
1727	61131	257262
1728	61165	257218
1729	61195	257160
1730	61227	257112
1731	61259	257063
1732	61291	257012
1733	61321	256955
1734	61353	256907
1735	61384	256852
1736	61413	256791
1737	61448	256752
1738	61478	256694
1739	61514	256664
1740	61547	256619
1741	61576	256556
1742	61606	256500
1743	61632	256424
1744	61662	256366
1745	61696	256326
1746	61727	256273
1747	61759	256222
1748	61788	256161
1749	61812	256080
1750	61842	256023
1751	61870	255957
1752	61900	255898
1753	61930	255843
1754	61965	255807
1755	62003	255783
1756	62042	255763
1757	62091	255784
1758	62133	255775
1759	62168	255737
1760	62206	255713
1761	62241	255678
1762	62280	255657
1763	62309	255596
1764	62341	255546
1765	62374	255501
1766	62405	255450
1767	62435	255391
1768	62466	255338
1769	62499	255292
1770	62529	255237
1771	62612	255398
1772	62643	255344
1773	62688	255346
1774	62725	255317
1775	62755	255263
1776	62788	255218
1777	62818	255162
1778	62849	255108
1779	62876	255038
1780	62904	254971
1781	62936	254924
1782	62972	254892
1783	63001	254831
1784	63035	254790
1785	63073	254765
1786	63108	254727
1787	63144	254694
1788	63178	254654
1789	63209	254604
1790	63242	254558
1791	63275	254516
1792	63307	254467
1793	63335	254402
1794	63368	254354
1795	63402	254314
1796	63433	254262
1797	63462	254204
1798	63493	254149
1799	63524	254096
1800	63553	254037
1801	63587	253997
1802	63617	253941
1803	63646	253880
1804	63672	253810
1805	63703	253755
1806	63737	253715
1807	63767	253657
1808	63799	253611
1809	63827	253547
1810	63859	253496
1811	63889	253441
1812	63916	253373
1813	63949	253329
1814	63982	253286
1815	64013	253235
1816	64045	253185
1817	64077	253138
1818	64108	253086
1819	64138	253030
1820	64167	252969
1821	64200	252924
1822	64228	252861
1823	64258	252805
1824	64287	252746
1825	64320	252704
1826	64351	252651
1827	64384	252606
1828	64411	252540
1829	64444	252493
1830	64475	252445
1831	64508	252398
1832	64541	252354
1833	64569	252293
1834	64600	252242
1835	64629	252180
1836	64660	252129
1837	64691	252079
1838	64718	252010
1839	64750	251963
1840	64780	251906
1841	64806	251838
1842	64837	251786
1843	64864	251720
1844	64895	251667
1845	64927	251621
1846	64958	251570
1847	64991	251523
1848	65021	251472
1849	65053	251423
1850	65080	251355
1851	65111	251304
1852	65141	251249
1853	65173	251203
1854	65200	251137
1855	65232	251088
1856	65262	251034
1857	65312	251055
1858	65343	251005
1859	65372	250944
1860	65402	250892
1861	65433	250841
1862	65462	250782
1863	65490	250719
1864	65519	250661
1865	65551	250612
1866	65578	250545
1867	65610	250499
1868	65641	250450
1869	65675	250409
1870	65705	250353
1871	65731	250284
1872	65763	250239
1873	65793	250182
1874	65822	250124
1875	65854	250079
1876	65880	250010
1877	65911	249959
1878	65941	249903
1879	65971	249850
1880	66003	249802
1881	66033	249747
1882	66067	249708
1883	66095	249647
1884	66130	249610
1885	66159	249554
1886	66190	249504
1887	66220	249450
1888	66251	249397
1889	66281	249345
1890	66311	249290
1891	66341	249235
1892	66369	249176
1893	66402	249133
1894	66458	249176
1895	66487	249117
1896	66519	249070
1897	66548	249013
1898	66576	248950
1899	66613	248922
1900	66641	248861
1901	66671	248810
1902	66705	248769
1903	66736	248718
1904	66767	248670
1905	66796	248612
1906	66829	248569
1907	66857	248509
1908	66889	248462
1909	66921	248414
1910	66951	248363
1911	66981	248306
1912	67012	248258
1913	67045	248214
1914	67077	248168
1915	67104	248105
1916	67136	248060
1917	67166	248005
1918	67198	247959
1919	67229	247908
1920	67255	247838
1921	67287	247795
1922	67316	247737
1923	67347	247687
1924	67377	247635
1925	67406	247578
1926	67437	247526
1927	67469	247481
1928	67499	247428
1929	67530	247379
1930	67554	247304
1931	67587	247261
1932	67618	247210
1933	67658	247195
1934	67687	247138
1935	67718	247089
1936	67749	247040
1937	67778	246982
1938	67810	246936
1939	67840	246885
1940	67871	246834
1941	67897	246768
1942	67926	246709
1943	67957	246659
1944	67985	246601
1945	68011	246533
1946	68039	246472
1947	68068	246416
1948	68099	246368
1949	68127	246308
1950	68158	246259
1951	68186	246198
1952	68214	246138
1953	68246	246093
1954	68276	246039
1955	68307	245992
1956	68335	245930
1957	68364	245874
1958	68396	245830
1959	68423	245767
1960	68451	245707
1961	68483	245660
1962	68511	245600
1963	68542	245552
1964	68573	245503
1965	68601	245443
1966	68628	245382
1967	68658	245329
1968	68683	245259
1969	68715	245213
1970	68741	245146
1971	68770	245092
1972	68799	245036
1973	68826	244971
1974	68851	244902
1975	68882	244854
1976	68912	244800
1977	68938	244733
1978	68966	244676
1979	68994	244617
1980	69024	244566
1981	69055	244514
1982	69082	244455
1983	69110	244393
1984	69140	244342
1985	69168	244284
1986	69196	244226
1987	69226	244172
1988	69257	244125
1989	69288	244075
1990	69317	244021
1991	69345	243962
1992	69375	243909
1993	69405	243859
1994	69437	243815
1995	69463	243749
1996	69494	243700
1997	69526	243657
1998	69554	243598
1999	69584	243546
2000	69611	243482
2001	69642	243434
2002	69670	243375
2003	69696	243311
2004	69724	243253
2005	69754	243203
2006	69778	243130
2007	69806	243070
2008	69835	243014
2009	69862	242953
2010	69892	242904
2011	69921	242849
2012	69949	242791
2013	69978	242736
2014	70005	242675
2015	70036	242627
2016	70063	242563
2017	70094	242515
2018	70119	242447
2019	70143	242377
2020	70176	242335
2021	70204	242278
2022	70233	242222
2023	70261	242165
2024	70290	242112
2025	70320	242061
2026	70350	242008
2027	70378	241951
2028	70406	241893
2029	70434	241835
2030	70462	241778
2031	70491	241723
2032	70519	241667
2033	70546	241606
2034	70571	241538
2035	70599	241480
2036	70628	241425
2037	70659	241380
2038	70689	241328
2039	70718	241274
2040	70751	241233
2041	70777	241170
2042	70804	241110
2043	70833	241056
2044	70863	241004
2045	70890	240943
2046	70921	240897
2047	70950	240844
2048	70981	240795
2049	71008	240736
2050	71036	240677
2051	71065	240624
2052	71093	240566
2053	71117	240498
2054	71149	240455
2055	71174	240387
2056	71204	240335
2057	71234	240286
2058	71261	240227
2059	71292	240178
2060	71320	240123
2061	71350	240073
2062	71383	240034
2063	71413	239981
2064	71443	239933
2065	71471	239876
2066	71497	239812
2067	71529	239770
2068	71556	239707
2069	71586	239657
2070	71616	239608
2071	71643	239547
2072	71672	239495
2073	71702	239447
2074	71727	239379
2075	71752	239311
2076	71778	239249
2077	71807	239197
2078	71838	239151
2079	71866	239092
2080	71894	239037
2081	71922	238980
2082	71954	238937
2083	71984	238889
2084	72015	238841
2085	72042	238783
2086	72072	238733
2087	72101	238680
2088	72130	238627
2089	72161	238581
2090	72187	238519
2091	72214	238458
2092	72244	238411
2093	72272	238353
2094	72297	238289
2095	72326	238236
2096	72354	238178
2097	72384	238131
2098	72415	238085
2099	72441	238023
2100	72473	237980
2101	72501	237923
2102	72532	237879
2103	72558	237816
2104	72585	237755
2105	72619	237720
2106	72656	237693
2107	72687	237648
2108	72715	237591
2109	72747	237551
2110	72778	237505
2111	72808	237454
2112	72838	237405
2113	72870	237364
2114	72899	237312
2115	72931	237269
2116	72960	237216
2117	72991	237170
2118	73021	237121
2119	73047	237058
2120	73077	237010
2121	73109	236968
2122	73139	236919
2123	73176	236894
2124	73213	236865
2125	73245	236825
2126	73279	236789
2127	73324	236788
2128	73382	236829
2129	73428	236831
2130	73463	236799
2131	73491	236744
2132	73522	236697
2133	73550	236643
2134	73578	236587
2135	73609	236542
2136	73639	236493
2137	73665	236433
2138	73696	236387
2139	73725	236336
2140	73754	236284
2141	73781	236224
2142	73811	236177
2143	73844	236136
2144	73878	236100
2145	73912	236066
2146	73943	236020
2147	73973	235971
2148	74003	235922
2149	74039	235894
2150	74075	235864
2151	74110	235830
2152	74145	235797
2153	74177	235757
2154	74207	235709
2155	74240	235668
2156	74274	235633
2157	74307	235593
2158	74340	235555
2159	74373	235514
2160	74405	235475
2161	74442	235448
2162	74478	235418
2163	74505	235360
2164	74539	235323
2165	74572	235285
2166	74602	235237
2167	74636	235202
2168	74675	235180
2169	74719	235176
2170	74766	235182
2171	74811	235180
2172	74850	235159
2173	74884	235126
2174	74927	235116
2175	74960	235077
2176	75002	235068
2177	75053	235086
2178	75105	235106
2179	75146	235091
2180	75255	235291
2181	75328	235374
2182	75396	235445
2183	75446	235459
2184	75501	235488
2185	75538	235462
2186	75575	235435
2187	75621	235434
2188	75658	235409
2189	75698	235392
2190	75736	235366
2191	75775	235346
2192	75815	235329
2193	75856	235314
2194	75898	235301
2195	75942	235298
2196	75983	235282
2197	76021	235259
2198	76059	235234
2199	76103	235228
2200	76146	235219
2201	76188	235209
2202	76227	235186
2203	76266	235165
2204	76304	235141
2205	76344	235124
2206	76385	235109
2207	76420	235076
2208	76459	235055
2209	76500	235038
2210	76534	235003
2211	76574	234985
2212	76608	234949
2213	76649	234934
2214	76688	234913
2215	76724	234881
2216	76766	234869
2217	76807	234854
2218	76848	234838
2219	76884	234810
2220	76924	234789
2221	76961	234764
2222	77016	234791
2223	77066	234802
2224	77109	234793
2225	77144	234759
2226	77191	234764
2227	77232	234748
2228	77271	234726
2229	77310	234703
2230	77351	234688
2231	77394	234680
2232	77433	234657
2233	77470	234630
2234	77515	234627
2235	77557	234614
2236	77595	234591
2237	77640	234586
2238	77679	234566
2239	77716	234537
2240	77756	234519
2241	77796	234501
2242	77835	234476
2243	77875	234459
2244	77911	234429
2245	77945	234390
2246	77982	234362
2247	78019	234335
2248	78052	234297
2249	78088	234266
2250	78119	234220
2251	78160	234204
2252	78201	234187
2253	78237	234157
2254	78279	234144
2255	78323	234136
2256	78365	234124
2257	78400	234089
2258	78441	234073
2259	78476	234040
2260	78509	234001
2261	78544	233968
2262	78581	233937
2263	78615	233903
2264	78645	233853
2265	78671	233793
2266	78705	233756
2267	78736	233711
2268	78765	233659
2269	78792	233599
2270	78825	233560
2271	78859	233523
2272	78889	233475
2273	78917	233422
2274	78949	233377
2275	78982	233338
2276	79008	233278
2277	79043	233244
2278	79084	233228
2279	79122	233203
2280	79158	233171
2281	79195	233144
2282	79236	233127
2283	79268	233086
2284	79311	233075
2285	79349	233050
2286	79388	233029
2287	79429	233012
2288	79489	233051
2289	79541	233066
2290	79590	233075
2291	79684	233212
2292	79723	233190
2293	79763	233170
2294	79802	233147
2295	79838	233115
2296	79874	233084
2297	79908	233047
2298	79969	233090
2299	80021	233105
2300	80060	233082
2301	80089	233032
2302	80121	232990
2303	80151	232938
2304	80185	232903
2305	80212	232846
2306	80244	232801
2307	80275	232757
2308	80304	232704
2309	80334	232658
2310	80363	232604
2311	80390	232548
2312	80417	232490
2313	80451	232453
2314	80478	232396
2315	80507	232346
2316	80532	232283
2317	80558	232222
2318	80586	232168
2319	80615	232117
2320	80642	232060
2321	80671	232008
2322	80702	231962
2323	80732	231913
2324	80757	231850
2325	80782	231788
2326	80814	231748
2327	80843	231695
2328	80874	231649
2329	80902	231595
2330	80932	231546
2331	80964	231504
2332	80991	231450
2333	81025	231412
2334	81052	231354
2335	81084	231312
2336	81111	231256
2337	81143	231213
2338	81171	231160
2339	81202	231114
2340	81230	231059
2341	81256	231002
2342	81289	230961
2343	81318	230912
2344	81350	230869
2345	81379	230817
2346	81408	230768
2347	81437	230717
2348	81467	230667
2349	81496	230617
2350	81524	230564
2351	81553	230514
2352	81582	230463
2353	81611	230412
2354	81641	230364
2355	81670	230312
2356	81700	230266
2357	81732	230223
2358	81760	230169
2359	81790	230123
2360	81821	230076
2361	81848	230019
2362	81875	229964
2363	81907	229923
2364	81935	229870
2365	81966	229824
2366	81994	229772
2367	82023	229721
2368	82050	229666
2369	82080	229617
2370	82108	229565
2371	82140	229523
2372	82175	229488
2373	82210	229454
2374	82249	229431
2375	82288	229409
2376	82321	229371
2377	82359	229345
2378	82396	229316
2379	82432	229287
2380	82466	229251
2381	82497	229204
2382	82526	229156
2383	82558	229115
2384	82588	229066
2385	82628	229047
2386	82667	229022
2387	82699	228981
2388	82727	228929
2389	82756	228880
2390	82786	228832
2391	82817	228787
2392	82849	228743
2393	82880	228699
2394	82906	228641
2395	82937	228598
2396	82968	228552
2397	82996	228500
2398	83029	228460
2399	83057	228409
2400	83089	228365
2401	83125	228335
2402	83163	228309
2403	83201	228283
2404	83240	228261
2405	83278	228236
2406	83308	228189
2407	83339	228146
2408	83370	228101
2409	83401	228056
2410	83431	228010
2411	83461	227962
2412	83494	227921
2413	83526	227882
2414	83558	227839
2415	83589	227794
2416	83621	227753
2417	83669	227754
2418	83722	227771
2419	83768	227766
2420	83802	227730
2421	83830	227678
2422	83861	227634
2423	83891	227585
2424	83921	227539
2425	83949	227486
2426	83980	227443
2427	84013	227403
2428	84048	227371
2429	84082	227333
2430	84115	227295
2431	84149	227258
2432	84182	227220
2433	84213	227175
2434	84247	227139
2435	84281	227104
2436	84317	227071
2437	84350	227034
2438	84383	226993
2439	84415	226954
2440	84459	226942
2441	84495	226913
2442	84527	226872
2443	84560	226831
2444	84594	226795
2445	84625	226752
2446	84654	226703
2447	84688	226666
2448	84722	226630
2449	84751	226580
2450	84787	226549
2451	84826	226526
2452	84863	226498
2453	84893	226451
2454	84927	226416
2455	84967	226394
2456	85005	226370
2457	85045	226348
2458	85085	226328
2459	85123	226305
2460	85161	226278
2461	85211	226285
2462	85260	226288
2463	85296	226258
2464	85332	226225
2465	85370	226199
2466	85407	226171
2467	85442	226139
2468	85486	226128
2469	85525	226106
2470	85560	226072
2471	85596	226041
2472	85630	226003
2473	85665	225970
2474	85699	225933
2475	85732	225895
2476	85766	225858
2477	85799	225821
2478	85834	225787
2479	85865	225744
2480	85928	225782
2481	85966	225758
2482	85995	225708
2483	86026	225664
2484	86057	225619
2485	86091	225583
2486	86128	225554
2487	86163	225520
2488	86194	225476
2489	86234	225456
2490	86270	225426
2491	86303	225385
2492	86336	225347
2493	86376	225325
2494	86416	225307
2495	86465	225309
2496	86510	225300
2497	86544	225264
2498	86575	225221
2499	86613	225195
2500	86649	225164
2501	86684	225130
2502	86718	225094
2503	86754	225063
2504	86786	225020
2505	86817	224975
2506	86846	224927
2507	86873	224873
2508	86905	224831
2509	86937	224791
2510	86970	224752
2511	87000	224706
2512	87028	224654
2513	87064	224622
2514	87097	224584
2515	87134	224553
2516	87164	224508
2517	87196	224465
2518	87224	224414
2519	87259	224381
2520	87287	224329
2521	87320	224290
2522	87349	224241
2523	87381	224199
2524	87415	224163
2525	87447	224122
2526	87479	224080
2527	87531	224091
2528	87609	224168
2529	87681	224229
2530	87737	224248
2531	87787	224254
2532	87837	224259
2533	87876	224234
2534	87915	224211
2535	87956	224192
2536	87987	224149
2537	88015	224097
2538	88048	224057
2539	88086	224030
2540	88116	223984
2541	88146	223938
2542	88176	223891
2543	88205	223841
2544	88231	223786
2545	88267	223754
2546	88305	223727
2547	88344	223704
2548	88380	223674
2549	88413	223635
2550	88453	223613
2551	88491	223587
2552	88531	223564
2553	88572	223546
2554	88607	223512
2555	88643	223480
2556	88678	223448
2557	88712	223410
2558	88748	223379
2559	88781	223339
2560	88813	223298
2561	88849	223267
2562	88881	223226
2563	88915	223190
2564	88947	223148
2565	88983	223118
2566	89022	223094
2567	89066	223082
2568	89102	223051
2569	89137	223017
2570	89173	222986
2571	89215	222969
2572	89247	222928
2573	89280	222887
2574	89337	222910
2575	89383	222904
2576	89419	222872
2577	89452	222834
2578	89486	222797
2579	89517	222753
2580	89550	222714
2581	89584	222676
2582	89611	222623
2583	89646	222590
2584	89678	222548
2585	89706	222496
2586	89738	222456
2587	89769	222410
2588	89804	222377
2589	89833	222329
2590	89863	222282
2591	89894	222238
2592	89931	222209
2593	89974	222196
2594	90024	222198
2595	90070	222192
2596	90112	222176
2597	90151	222150
2598	90188	222123
2599	90225	222093
2600	90260	222058
2601	90300	222037
2602	90340	222015
2603	90379	221992
2604	90416	221961
2605	90451	221928
2606	90485	221893
2607	90520	221858
2608	90557	221828
2609	90589	221788
2610	90623	221752
2611	90651	221700
2612	90682	221657
2613	90711	221606
2614	90742	221563
2615	90771	221515
2616	90800	221467
2617	90831	221424
2618	90862	221379
2619	90893	221337
2620	90927	221298
2621	90955	221249
2622	90986	221204
2623	91018	221163
2624	91050	221121
2625	91082	221080
2626	91112	221036
2627	91143	220990
2628	91169	220936
2629	91200	220891
2630	91230	220846
2631	91262	220805
2632	91292	220759
2633	91320	220707
2634	91353	220669
2635	91381	220618
2636	91406	220561
2637	91437	220516
2638	91470	220479
2639	91495	220421
2640	91527	220380
2641	91556	220331
2642	91586	220285
2643	91617	220241
2644	91643	220187
2645	91676	220147
2646	91709	220110
2647	91738	220060
2648	91769	220019
2649	91802	219980
2650	91833	219935
2651	91862	219888
2652	91893	219845
2653	91920	219791
2654	91953	219752
2655	91984	219710
2656	92015	219666
2657	92041	219611
2658	92072	219567
2659	92105	219529
2660	92130	219472
2661	92161	219427
2662	92192	219386
2663	92228	219355
2664	92262	219318
2665	92298	219286
2666	92329	219243
2667	92361	219203
2668	92396	219170
2669	92427	219124
2670	92463	219094
2671	92498	219060
2672	92532	219025
2673	92565	218986
2674	92615	218987
2675	92670	219002
2676	92720	219002
2677	92760	218980
2678	92794	218944
2679	92827	218907
2680	92860	218869
2681	92900	218845
2682	92936	218815
2683	92972	218784
2684	93007	218748
2685	93042	218715
2686	93079	218687
2687	93111	218644
2688	93146	218612
2689	93180	218576
2690	93216	218543
2691	93250	218508
2692	93283	218470
2693	93387	218597
2694	93461	218654
2695	93512	218658
2696	93561	218657
2697	93610	218654
2698	93673	218686
2699	93723	218687
2700	93764	218667
2701	93810	218660
2702	93860	218661
2703	93910	218661
2704	93955	218650
2705	93998	218635
2706	94042	218622
2707	94084	218604
2708	94126	218586
2709	94176	218587
2710	94216	218563
2711	94256	218542
2712	94304	218536
2713	94356	218542
2714	94451	218647
2715	94508	218664
2716	94550	218646
2717	94583	218607
2718	94618	218572
2719	94650	218532
2720	94685	218497
2721	94717	218456
2722	94751	218418
2723	94781	218374
2724	94808	218320
2725	94845	218289
2726	94877	218248
2727	94906	218201
2728	94945	218175
2729	94985	218154
2730	95023	218125
2731	95062	218100
2732	95100	218073
2733	95142	218055
2734	95176	218019
2735	95213	217988
2736	95251	217960
2737	95293	217942
2738	95330	217912
2739	95361	217870
2740	95397	217837
2741	95435	217809
2742	95473	217782
2743	95509	217751
2744	95550	217729
2745	95588	217702
2746	95624	217671
2747	95661	217641
2748	95699	217612
2749	95733	217576
2750	95769	217542
2751	95799	217499
2752	95835	217466
2753	95865	217421
2754	95904	217394
2755	95940	217362
2756	95977	217332
2757	96014	217303
2758	96050	217271
2759	96088	217242
2760	96125	217212
2761	96182	217228
2762	96219	217198
2763	96252	217159
2764	96290	217131
2765	96327	217102
2766	96364	217071
2767	96400	217040
2768	96436	217007
2769	96468	216966
2770	96501	216928
2771	96533	216886
2772	96568	216851
2773	96603	216818
2774	96633	216773
2775	96668	216737
2776	96768	216848
2777	96823	216858
2778	96858	216825
2779	96894	216791
2780	96925	216749
2781	96959	216712
2782	96992	216674
2783	97028	216641
2784	97062	216605
2785	97094	216563
2786	97126	216521
2787	97160	216486
2788	97198	216456
2789	97231	216419
2790	97270	216392
2791	97308	216363
2792	97353	216351
2793	97386	216314
2794	97419	216274
2795	97458	216249
2796	97490	216207
2797	97523	216168
2798	97554	216126
2799	97593	216099
2800	97627	216062
2801	97655	216013
2802	97683	215962
2803	97718	215927
2804	97750	215887
2805	97782	215847
2806	97814	215805
2807	97847	215765
2808	97882	215732
2809	97914	215690
2810	97952	215662
2811	97997	215649
2812	98035	215622
2813	98071	215589
2814	98103	215549
2815	98135	215508
2816	98170	215474
2817	98198	215423
2818	98232	215386
2819	98269	215356
2820	98301	215316
2821	98344	215297
2822	98380	215265
2823	98417	215235
2824	98454	215205
2825	98491	215176
2826	98529	215148
2827	98564	215113
2828	98598	215076
2829	98634	215044
2830	98674	215020
2831	98712	214992
2832	98747	214958
2833	98783	214925
2834	98822	214899
2835	98863	214878
2836	98901	214850
2837	98943	214831
2838	98991	214823
2839	99036	214811
2840	99082	214801
2841	99124	214780
2842	99154	214735
2843	99190	214703
2844	99222	214662
2845	99256	214625
2846	99289	214586
2847	99326	214556
2848	99366	214532
2849	99457	214619
2850	99492	214584
2851	99527	214550
2852	99560	214510
2853	99603	214493
2854	99648	214479
2855	99691	214462
2856	99729	214433
2857	99763	214396
2858	99796	214357
2859	99840	214342
2860	99879	214317
2861	99909	214271
2862	99944	214236
2863	99981	214205
2864	100015	214169
2865	100049	214132
2866	100083	214095
2867	100118	214061
2868	100151	214021
2869	100186	213988
2870	100221	213951
2871	100256	213917
2872	100287	213873
2873	100318	213831
2874	100351	213792
2875	100386	213757
2876	100420	213720
2877	100452	213678
2878	100484	213639
2879	100517	213598
2880	100543	213546
2881	100577	213509
2882	100607	213464
2883	100642	213428
2884	100670	213378
2885	100705	213343
2886	100736	213300
2887	100777	213279
2888	100817	213256
2889	100867	213252
2890	100907	213228
2891	100938	213184
2892	100976	213157
2893	101026	213154
2894	101079	213157
2895	101127	213149
2896	101156	213102
2897	101189	213063
2898	101221	213022
2899	101255	212986
2900	101295	212961
2901	101331	212929
2902	101361	212884
2903	101391	212838
2904	101424	212800
2905	101455	212756
2906	101487	212715
2907	101515	212665
2908	101544	212618
2909	101576	212577
2910	101617	212554
2911	101650	212515
2912	101681	212474
2913	101710	212425
2914	101750	212402
2915	101780	212357
2916	101809	212310
2917	101857	212301
2918	101893	212268
2919	101926	212230
2920	101964	212202
2921	101994	212157
2922	102028	212120
2923	102062	212082
2924	102090	212034
2925	102120	211988
2926	102150	211943
2927	102179	211897
2928	102210	211854
2929	102241	211811
2930	102271	211765
2931	102304	211726
2932	102337	211688
2933	102363	211635
2934	102389	211581
2935	102421	211540
2936	102448	211489
2937	102480	211447
2938	102509	211402
2939	102538	211354
2940	102570	211313
2941	102599	211266
2942	102629	211222
2943	102656	211170
2944	102688	211131
2945	102718	211085
2946	102749	211041
2947	102778	210995
2948	102808	210950
2949	102833	210895
2950	102863	210850
2951	102890	210799
2952	102915	210745
2953	102946	210702
2954	102976	210657
2955	103001	210601
2956	103034	210564
2957	103068	210527
2958	103106	210498
2959	103140	210462
2960	103177	210432
2961	103224	210421
2962	103270	210409
2963	103310	210385
2964	103350	210361
2965	103396	210348
2966	103479	210411
2967	103537	210424
2968	103595	210436
2969	103658	210457
2970	103706	210450
2971	103743	210418
2972	103772	210372
2973	103799	210320
2974	103826	210271
2975	103857	210226
2976	103886	210180
2977	103921	210146
2978	103956	210111
2979	103993	210080
2980	104026	210043
2981	104065	210014
2982	104094	209969
2983	104122	209920
2984	104152	209875
2985	104184	209834
2986	104215	209791
2987	104247	209750
2988	104282	209715
2989	104316	209679
2990	104347	209637
2991	104418	209674
2992	104459	209652
2993	104497	209624
2994	104532	209588
2995	104560	209540
2996	104594	209503
2997	104628	209465
2998	104661	209428
2999	104689	209379
3000	104720	209336
3001	104749	209289
3002	104782	209251
3003	104814	209209
3004	104837	209152
3005	104872	209117
3006	104905	209078
3007	104938	209040
3008	104969	208997
3009	105003	208959
3010	105030	208910
3011	105063	208871
3012	105093	208826
3013	105119	208773
3014	105150	208731
3015	105180	208687
3016	105209	208641
3017	105239	208596
3018	105267	208548
3019	105297	208502
3020	105327	208458
3021	105357	208413
3022	105384	208363
3023	105416	208322
3024	105444	208273
3025	105477	208235
3026	105507	208192
3027	105535	208143
3028	105566	208101
3029	105598	208060
3030	105624	208009
3031	105655	207966
3032	105683	207916
3033	105714	207875
3034	105746	207834
3035	105777	207792
3036	105805	207743
3037	105838	207705
3038	105869	207663
3039	105894	207609
3040	105924	207564
3041	105954	207520
3042	105980	207468
3043	106011	207426
3044	106040	207379
3045	106070	207334
3046	106099	207288
3047	106127	207240
3048	106157	207197
3049	106185	207149
3050	106210	207094
3051	106242	207055
3052	106269	207005
3053	106299	206960
3054	106324	206907
3055	106357	206867
3056	106385	206820
3057	106413	206772
3058	106444	206729
3059	106480	206697
3060	106514	206661
3061	106549	206626
3062	106585	206593
3063	106617	206554
3064	106651	206517
3065	106685	206482
3066	106762	206528
3067	106820	206539
3068	106860	206513
3069	106894	206476
3070	106928	206439
3071	106965	206409
3072	107001	206376
3073	107033	206336
3074	107076	206317
3075	107110	206280
3076	107147	206251
3077	107186	206223
3078	107228	206203
3079	107269	206180
3080	107322	206180
3081	107355	206141
3082	107386	206100
3083	107423	206069
3084	107474	206065
3085	107562	206132
3086	107606	206115
3087	107659	206115
3088	107765	206216
3089	107817	206214
3090	107868	206209
3091	107913	206194
3092	107949	206160
3093	107987	206131
3094	108027	206108
3095	108062	206072
3096	108097	206037
3097	108130	205999
3098	108166	205966
3099	108201	205932
3100	108235	205894
3101	108269	205859
3102	108308	205831
3103	108341	205793
3104	108378	205761
3105	108414	205728
3106	108449	205694
3107	108483	205657
3108	108520	205626
3109	108554	205589
3110	108590	205558
3111	108626	205524
3112	108659	205486
3113	108692	205447
3114	108728	205414
3115	108765	205384
3116	108800	205349
3117	108833	205310
3118	108868	205275
3119	108904	205242
3120	108944	205217
3121	108985	205195
3122	109022	205163
3123	109062	205137
3124	109104	205116
3125	109148	205099
3126	109194	205084
3127	109236	205063
3128	109281	205047
3129	109328	205034
3130	109366	205006
3131	109406	204980
3132	109444	204950
3133	109477	204911
3134	109512	204877
3135	109552	204852
3136	109589	204821
3137	109628	204793
3138	109665	204762
3139	109698	204724
3140	109735	204693
3141	109784	204684
3142	109827	204664
3143	109863	204631
3144	109904	204607
3145	109946	204585
3146	109986	204559
3147	110021	204525
3148	110057	204491
3149	110095	204462
3150	110130	204428
3151	110169	204399
3152	110207	204371
3153	110246	204343
3154	110281	204309
3155	110321	204283
3156	110358	204253
3157	110399	204227
3158	110435	204195
3159	110467	204154
3160	110499	204114
3161	110535	204081
3162	110572	204049
3163	110609	204019
3164	110648	203991
3165	110685	203960
3166	110747	203975
3167	110783	203943
3168	110816	203903
3169	110853	203872
3170	110890	203841
3171	110935	203824
3172	110968	203786
3173	110996	203737
3174	111024	203689
3175	111048	203635
3176	111077	203589
3177	111111	203553
3178	111146	203518
3179	111181	203483
3180	111217	203450
3181	111250	203410
3182	111281	203369
3183	111315	203333
3184	111348	203294
3185	111380	203253
3186	111412	203212
3187	111442	203169
3188	111469	203119
3189	111502	203080
3190	111534	203041
3191	111569	203006
3192	111602	202968
3193	111633	202925
3194	111661	202877
3195	111691	202833
3196	111721	202790
3197	111751	202746
3198	111782	202703
3199	111815	202666
3200	111847	202625
3201	111877	202581
3202	111907	202537
3203	111933	202486
3204	111963	202442
3205	111992	202397
3206	112021	202350
3207	112051	202306
3208	112078	202258
3209	112110	202217
3210	112139	202171
3211	112164	202119
3212	112196	202080
3213	112225	202033
3214	112251	201982
3215	112281	201939
3216	112313	201899
3217	112343	201854
3218	112370	201805
3219	112402	201765
3220	112428	201715
3221	112460	201674
3222	112491	201632
3223	112518	201584
3224	112548	201540
3225	112579	201499
3226	112609	201455
3227	112637	201407
3228	112665	201360
3229	112692	201311
3230	112720	201265
3231	112749	201218
3232	112778	201173
3233	112803	201121
3234	112832	201075
3235	112864	201035
3236	112897	200997
3237	112925	200950
3238	112955	200906
3239	112986	200864
3240	113015	200820
3241	113040	200767
3242	113069	200721
3243	113100	200679
3244	113128	200633
3245	113157	200587
3246	113186	200542
3247	113216	200499
3248	113242	200449
3249	113273	200406
3250	113297	200352
3251	113326	200308
3252	113354	200261
3253	113385	200219
3254	113414	200174
3255	113446	200134
3256	113481	200100
3257	113512	200057
3258	113538	200007
3259	113568	199964
3260	113598	199920
3261	113628	199876
3262	113659	199836
3263	113687	199788
3264	113717	199744
3265	113744	199697
3266	113771	199647
3267	113802	199607
3268	113833	199564
3269	113861	199518
3270	113888	199470
3271	113919	199429
3272	113950	199387
3273	113979	199341
3274	114004	199289
3275	114034	199247
3276	114064	199203
3277	114092	199157
3278	114125	199118
3279	114158	199081
3280	114192	199044
3281	114223	199003
3282	114261	198975
3283	114293	198934
3284	114326	198896
3285	114356	198853
3286	114382	198803
3287	114410	198757
3288	114441	198715
3289	114471	198672
3290	114505	198636
3291	114536	198595
3292	114568	198555
3293	114597	198510
3294	114629	198470
3295	114655	198420
3296	114686	198379
3297	114712	198329
3298	114737	198278
3299	114767	198234
3300	114795	198188
3301	114820	198137
3302	114855	198101
3303	114885	198059
3304	114920	198024
3305	114948	197978
3306	114979	197936
3307	115011	197897
3308	115044	197859
3309	115076	197821
3310	115107	197778
3311	115138	197738
3312	115168	197695
3313	115199	197654
3314	115229	197611
3315	115262	197572
3316	115289	197525
3317	115320	197484
3318	115352	197444
3319	115384	197405
3320	115415	197363
3321	115443	197317
3322	115474	197275
3323	115503	197231
3324	115531	197184
3325	115563	197145
3326	115591	197100
3327	115620	197054
3328	115651	197014
3329	115682	196972
3330	115713	196932
3331	115758	196914
3332	115818	196922
3333	115851	196885
3334	115881	196842
3335	115915	196806
3336	115946	196764
3337	115978	196724
3338	116009	196684
3339	116041	196644
3340	116069	196599
3341	116104	196564
3342	116139	196530
3343	116172	196492
3344	116205	196454
3345	116241	196421
3346	116268	196374
3347	116301	196336
3348	116329	196291
3349	116366	196259
3350	116395	196216
3351	116427	196176
3352	116459	196136
3353	116491	196097
3354	116524	196060
3355	116560	196027
3356	116592	195987
3357	116624	195949
3358	116657	195911
3359	116691	195874
3360	116722	195833
3361	116754	195794
3362	116784	195751
3363	116819	195716
3364	116854	195682
3365	116884	195640
3366	116917	195602
3367	116950	195565
3368	116989	195537
3369	117022	195499
3370	117053	195458
3371	117087	195423
3372	117116	195378
3373	117150	195343
3374	117183	195305
3375	117220	195274
3376	117250	195232
3377	117284	195196
3378	117316	195157
3379	117352	195123
3380	117381	195079
3381	117413	195041
3382	117447	195005
3383	117485	194975
3384	117519	194940
3385	117552	194902
3386	117583	194861
3387	117613	194818
3388	117643	194776
3389	117673	194734
3390	117700	194686
3391	117730	194643
3392	117757	194596
3393	117786	194552
3394	117818	194513
3395	117849	194472
3396	117878	194428
3397	117905	194381
3398	117930	194330
3399	117962	194291
3400	117993	194251
3401	118024	194209
3402	118055	194168
3403	118083	194122
3404	118110	194076
3405	118138	194030
3406	118168	193988
3407	118195	193940
3408	118227	193901
3409	118258	193860
3410	118289	193820
3411	118318	193776
3412	118345	193728
3413	118375	193686
3414	118401	193638
3415	118433	193598
3416	118464	193557
3417	118495	193516
3418	118525	193474
3419	118555	193433
3420	118585	193390
3421	118614	193346
3422	118645	193305
3423	118673	193260
3424	118703	193217
3425	118730	193171
3426	118760	193129
3427	118789	193084
3428	118817	193040
3429	118844	192991
3430	118871	192944
3431	118899	192899
3432	118929	192857
3433	118960	192817
3434	118985	192767
3435	119016	192726
3436	119042	192678
3437	119071	192634
3438	119101	192592
3439	119131	192549
3440	119159	192503
3441	119188	192460
3442	119217	192417
3443	119248	192376
3444	119275	192328
3445	119304	192286
3446	119335	192245
3447	119359	192193
3448	119387	192147
3449	119415	192103
3450	119446	192062
3451	119478	192023
3452	119510	191984
3453	119540	191943
3454	119567	191895
3455	119603	191864
3456	119635	191824
3457	119669	191789
3458	119701	191750
3459	119733	191712
3460	119766	191674
3461	119796	191632
3462	119826	191590
3463	119855	191546
3464	119885	191505
3465	119916	191465
3466	119949	191427
3467	119978	191384
3468	120010	191346
3469	120041	191305
3470	120072	191264
3471	120101	191221
3472	120133	191182
3473	120164	191142
3474	120196	191103
3475	120226	191061
3476	120253	191015
3477	120287	190979
3478	120317	190938
3479	120342	190888
3480	120373	190847
3481	120399	190799
3482	120430	190759
3483	120459	190715
3484	120488	190673
3485	120517	190629
3486	120551	190593
3487	120579	190548
3488	120607	190504
3489	120637	190461
3490	120670	190425
3491	120699	190381
3492	120729	190340
3493	120758	190296
3494	120790	190257
3495	120823	190221
3496	120852	190177
3497	120881	190134
3498	120911	190092
3499	120942	190052
3500	120970	190007
3501	120998	189962
3502	121032	189926
3503	121065	189890
3504	121101	189858
3505	121140	189830
3506	121168	189786
3507	121200	189747
3508	121226	189699
3509	121257	189658
3510	121289	189620
3511	121313	189570
3512	121346	189532
3513	121378	189494
3514	121402	189443
3515	121429	189396
3516	121458	189354
3517	121485	189306
3518	121519	189271
3519	121545	189224
3520	121575	189182
3521	121605	189141
3522	121631	189093
3523	121659	189048
3524	121689	189006
3525	121718	188963
3526	121750	188925
3527	121775	188875
3528	121799	188825
3529	121836	188794
3530	121865	188750
3531	121893	188706
3532	121923	188666
3533	121952	188622
3534	121988	188589
3535	122023	188556
3536	122056	188519
3537	122090	188483
3538	122117	188438
3539	122147	188397
3540	122174	188350
3541	122203	188307
3542	122228	188259
3543	122261	188222
3544	122298	188191
3545	122334	188159
3546	122370	188127
3547	122394	188076
3548	122431	188045
3549	122466	188012
3550	122503	187981
3551	122537	187946
3552	122565	187901
3553	122592	187855
3554	122627	187821
3555	122660	187785
3556	122698	187755
3557	122731	187718
3558	122765	187684
3559	122800	187649
3560	122830	187609
3561	122864	187573
3562	122907	187552
3563	122941	187516
3564	122970	187473
3565	122999	187430
3566	123029	187389
3567	123055	187342
3568	123085	187300
3569	123117	187263
3570	123147	187221
3571	123178	187182
3572	123203	187132
3573	123233	187090
3574	123262	187049
3575	123290	187004
3576	123323	186967
3577	123348	186918
3578	123379	186879
3579	123406	186833
3580	123436	186792
3581	123467	186752
3582	123495	186707
3583	123526	186667
3584	123557	186629
3585	123583	186580
3586	123614	186541
3587	123644	186500
3588	123668	186450
3589	123696	186405
3590	123722	186359
3591	123751	186316
3592	123779	186272
3593	123810	186232
3594	123837	186186
3595	123868	186146
3596	123898	186105
3597	123923	186056
3598	123954	186017
3599	123979	185969
3600	124008	185926
3601	124040	185888
3602	124071	185849
3603	124101	185807
3604	124129	185764
3605	124155	185717
3606	124187	185678
3607	124214	185632
3608	124280	185645
3609	124341	185650
3610	124454	185733
3611	124483	185690
3612	124517	185655
3613	124556	185628
3614	124588	185590
3615	124621	185553
3616	124648	185508
3617	124674	185461
3618	124701	185415
3619	124725	185365
3620	124758	185328
3621	124784	185282
3622	124811	185237
3623	124838	185190
3624	124865	185145
3625	124895	185104
3626	124924	185062
3627	124951	185016
3628	124984	184979
3629	125019	184946
3630	125048	184902
3631	125072	184853
3632	125103	184813
3633	125130	184768
3634	125157	184723
3635	125183	184677
3636	125212	184633
3637	125239	184589
3638	125269	184547
3639	125300	184508
3640	125332	184469
3641	125359	184424
3642	125385	184378
3643	125418	184341
3644	125447	184299
3645	125479	184261
3646	125509	184220
3647	125540	184181
3648	125571	184141
3649	125599	184097
3650	125624	184049
3651	125653	184006
3652	125682	183965
3653	125712	183924
3654	125739	183878
3655	125774	183846
3656	125804	183805
3657	125834	183763
3658	125863	183721
3659	125891	183677
3660	125921	183637
3661	125949	183593
3662	125980	183553
3663	126046	183566
3664	126087	183541
3665	126127	183514
3666	126153	183467
3667	126183	183427
3668	126207	183377
3669	126234	183331
3670	126263	183289
3671	126292	183248
3672	126319	183202
3673	126345	183156
3674	126372	183110
3675	126401	183068
3676	126426	183020
3677	126451	182973
3678	126483	182934
3679	126506	182884
3680	126534	182840
3681	126563	182798
3682	126591	182755
3683	126617	182709
3684	126650	182671
3685	126680	182630
3686	126711	182592
3687	126740	182550
3688	126772	182512
3689	126802	182471
3690	126830	182428
3691	126862	182389
3692	126889	182345
3693	126918	182303
3694	126946	182260
3695	126978	182222
3696	127010	182185
3697	127042	182146
3698	127068	182100
3699	127099	182060
3700	127128	182019
3701	127159	181980
3702	127186	181935
3703	127215	181893
3704	127241	181846
3705	127277	181814
3706	127308	181775
3707	127337	181734
3708	127363	181687
3709	127394	181648
3710	127419	181601
3711	127449	181560
3712	127480	181522
3713	127513	181485
3714	127539	181438
3715	127571	181401
3716	127600	181359
3717	127632	181322
3718	127664	181284
3719	127693	181242
3720	127723	181201
3721	127753	181161
3722	127779	181116
3723	127812	181079
3724	127846	181044
3725	127880	181009
3726	127913	180972
3727	127938	180926
3728	127972	180891
3729	128004	180853
3730	128036	180815
3731	128066	180774
3732	128098	180737
3733	128131	180701
3734	128163	180664
3735	128192	180622
3736	128224	180584
3737	128258	180549
3738	128293	180516
3739	128322	180475
3740	128357	180441
3741	128383	180395
3742	128418	180362
3743	128447	180319
3744	128480	180283
3745	128513	180248
3746	128541	180205
3747	128576	180171
3748	128605	180130
3749	128636	180091
3750	128663	180046
3751	128692	180004
3752	128725	179968
3753	128756	179930
3754	128789	179894
3755	128817	179851
3756	128850	179814
3757	128879	179772
3758	128911	179735
3759	128945	179700
3760	128975	179660
3761	129003	179617
3762	129034	179578
3763	129065	179539
3764	129096	179501
3765	129127	179462
3766	129153	179416
3767	129184	179377
3768	129216	179340
3769	129249	179303
3770	129276	179258
3771	129308	179221
3772	129339	179183
3773	129369	179143
3774	129396	179098
3775	129424	179055
3776	129458	179020
3777	129487	178978
3778	129519	178941
3779	129548	178900
3780	129582	178865
3781	129611	178824
3782	129643	178786
3783	129673	178746
3784	129701	178704
3785	129736	178670
3786	129771	178637
3787	129801	178596
3788	129833	178559
3789	129866	178523
3790	129895	178482
3791	129928	178445
3792	129960	178408
3793	129995	178375
3794	130026	178337
3795	130056	178296
3796	130087	178257
3797	130119	178220
3798	130151	178183
3799	130182	178144
3800	130214	178106
3801	130239	178060
3802	130271	178022
3803	130299	177979
3804	130330	177940
3805	130359	177899
3806	130390	177860
3807	130418	177819
3808	130450	177781
3809	130478	177738
3810	130514	177706
3811	130546	177669
3812	130578	177632
3813	130611	177596
3814	130643	177558
3815	130677	177524
3816	130711	177489
3817	130746	177456
3818	130779	177420
3819	130808	177378
3820	130833	177331
3821	130866	177296
3822	130897	177257
3823	130930	177222
3824	130962	177184
3825	131006	177163
3826	131038	177125
3827	131069	177087
3828	131101	177050
3829	131130	177009
3830	131164	176974
3831	131191	176930
3832	131224	176894
3833	131256	176856
3834	131286	176816
3835	131316	176777
3836	131343	176734
3837	131373	176694
3838	131402	176652
3839	131431	176611
3840	131462	176572
3841	131490	176529
3842	131524	176494
3843	131553	176454
3844	131580	176410
3845	131611	176371
3846	131637	176326
3847	131666	176285
3848	131692	176239
3849	131723	176201
3850	131754	176162
3851	131783	176122
3852	131815	176084
3853	131842	176040
3854	131873	176002
3855	131902	175961
3856	131934	175924
3857	131962	175881
3858	131992	175841
3859	132020	175799
3860	132051	175760
3861	132084	175724
3862	132111	175681
3863	132139	175638
3864	132172	175602
3865	132205	175567
3866	132240	175533
3867	132272	175496
3868	132302	175456
3869	132330	175414
3870	132357	175371
3871	132385	175328
3872	132415	175288
3873	132443	175246
3874	132469	175201
3875	132498	175161
3876	132529	175122
3877	132556	175078
3878	132581	175031
3879	132613	174995
3880	132641	174952
3881	132671	174913
3882	132699	174870
3883	132724	174825
3884	132788	174829
3885	132844	174823
3886	132889	174804
3887	132933	174783
3888	132992	174781
3889	133044	174770
3890	133086	174746
3891	133126	174719
3892	133179	174710
3893	133238	174708
3894	133294	174702
3895	133337	174679
3896	133376	174652
3897	133408	174615
3898	133441	174579
3899	133473	174541
3900	133514	174517
3901	133543	174475
3902	133581	174446
3903	133625	174425
3904	133666	174399
3905	133702	174368
3906	133738	174336
3907	133781	174312
3908	133828	174295
3909	133872	174274
3910	133907	174240
3911	133943	174208
3912	133978	174176
3913	134013	174141
3914	134094	174168
3915	134142	174151
3916	134193	174139
3917	134245	174128
3918	134287	174104
3919	134331	174082
3920	134374	174059
3921	134411	174028
3922	134446	173995
3923	134488	173970
3924	134552	173975
3925	134591	173946
3926	134628	173917
3927	134663	173883
3928	134696	173846
3929	134732	173815
3930	134778	173796
3931	134815	173765
3932	134851	173733
3933	134890	173705
3934	134934	173682
3935	134972	173654
3936	135012	173626
3937	135057	173606
3938	135095	173576
3939	135126	173537
3940	135160	173503
3941	135196	173471
3942	135230	173436
3943	135268	173406
3944	135301	173371
3945	135332	173332
3946	135369	173302
3947	135401	173264
3948	135435	173230
3949	135461	173184
3950	135499	173154
3951	135533	173120
3952	135568	173087
3953	135602	173053
3954	135636	173017
3955	135670	172983
3956	135703	172947
3957	135739	172914
3958	135772	172878
3959	135804	172841
3960	135835	172804
3961	135884	172788
3962	135922	172758
3963	135958	172726
3964	135996	172696
3965	136032	172664
3966	136066	172630
3967	136110	172607
3968	136149	172579
3969	136193	172557
3970	136239	172537
3971	136283	172515
3972	136321	172485
3973	136352	172447
3974	136384	172411
3975	136420	172378
3976	136455	172344
3977	136492	172313
3978	136526	172279
3979	136556	172239
3980	136591	172206
3981	136621	172167
3982	136654	172130
3983	136686	172093
3984	136717	172054
3985	136751	172020
3986	136785	171985
3987	136817	171948
3988	136852	171914
3989	136882	171875
3990	136917	171841
3991	136949	171804
3992	136982	171768
3993	137016	171734
3994	137047	171694
3995	137081	171660
3996	137112	171622
3997	137147	171588
3998	137176	171547
3999	137212	171515
4000	137244	171478
4001	137275	171439
4002	137310	171407
4003	137346	171374
4004	137378	171337
4005	137416	171307
4006	137450	171272
4007	137486	171241
4008	137527	171214
4009	137559	171177
4010	137593	171142
4011	137624	171104
4012	137653	171063
4013	137684	171025
4014	137716	170987
4015	137754	170958
4016	137791	170927
4017	137830	170899
4018	137867	170867
4019	137904	170837
4020	137933	170795
4021	137967	170761
4022	137997	170721
4023	138031	170686
4024	138064	170651
4025	138097	170615
4026	138131	170580
4027	138164	170544
4028	138191	170500
4029	138225	170466
4030	138256	170428
4031	138290	170393
4032	138322	170356
4033	138363	170330
4034	138395	170293
4035	138424	170252
4036	138459	170218
4037	138492	170183
4038	138525	170147
4039	138561	170115
4040	138589	170072
4041	138623	170038
4042	138656	170003
4043	138689	169967
4044	138719	169926
4045	138749	169887
4046	138781	169850
4047	138811	169811
4048	138845	169776
4049	138873	169734
4050	138905	169697
4051	138936	169658
4052	138966	169619
4053	139004	169589
4054	139042	169559
4055	139082	169532
4056	139121	169503
4057	139159	169473
4058	139222	169474
4059	139283	169472
4060	139338	169464
4061	139393	169454
4062	139466	169467
4063	139497	169429
4064	139525	169387
4065	139558	169350
4066	139590	169314
4067	139620	169274
4068	139646	169229
4069	139675	169189
4070	139706	169150
4071	139738	169113
4072	139766	169072
4073	139791	169026
4074	139820	168985
4075	139849	168945
4076	139879	168904
4077	139906	168862
4078	139932	168817
4079	139961	168777
4080	139987	168732
4081	140013	168689
4082	140042	168648
4083	140073	168609
4084	140101	168568
4085	140129	168526
4086	140155	168481
4087	140179	168434
4088	140207	168392
4089	140240	168356
4090	140270	168317
4091	140302	168280
4092	140332	168240
4093	140362	168202
4094	140393	168163
4095	140420	168120
4096	140450	168081
4097	140481	168043
4098	140512	168004
4099	140541	167963
4100	140572	167926
4101	140605	167889
4102	140635	167850
4103	140668	167815
4104	140696	167773
4105	140725	167732
4106	140754	167692
4107	140786	167654
4108	140817	167617
4109	140847	167577
4110	140880	167541
4111	140921	167516
4112	140949	167474
4113	140977	167432
4114	141007	167393
4115	141033	167349
4116	141059	167305
4117	141089	167265
4118	141120	167227
4119	141153	167191
4120	141183	167152
4121	141212	167112
4122	141244	167074
4123	141276	167037
4124	141307	166999
4125	141335	166958
4126	141366	166919
4127	141394	166878
4128	141424	166839
4129	141454	166799
4130	141484	166760
4131	141512	166718
4132	141538	166675
4133	141565	166631
4134	141600	166599
4135	141630	166559
4136	141658	166517
4137	141681	166470
4138	141708	166428
4139	141738	166389
4140	141767	166348
4141	141796	166307
4142	141827	166270
4143	141851	166223
4144	141882	166185
4145	141913	166147
4146	141943	166107
4147	141970	166065
4148	142001	166028
4149	142029	165985
4150	142058	165946
4151	142087	165905
4152	142114	165863
4153	142142	165821
4154	142174	165784
4155	142202	165743
4156	142233	165705
4157	142260	165663
4158	142289	165622
4159	142320	165584
4160	142351	165546
4161	142380	165505
4162	142407	165463
4163	142437	165424
4164	142465	165382
4165	142491	165338
4166	142515	165292
4167	142544	165253
4168	142573	165212
4169	142605	165175
4170	142633	165134
4171	142661	165093
4172	142690	165052
4173	142717	165010
4174	142745	164969
4175	142773	164928
4176	142804	164890
4177	142829	164845
4178	142859	164806
4179	142887	164764
4180	142914	164721
4181	142945	164684
4182	142977	164648
4183	143008	164609
4184	143034	164566
4185	143069	164532
4186	143097	164492
4187	143129	164455
4188	143161	164419
4189	143189	164377
4190	143222	164341
4191	143253	164303
4192	143285	164267
4193	143310	164223
4194	143343	164187
4195	143369	164143
4196	143399	164104
4197	143432	164069
4198	143457	164024
4199	143491	163990
4200	143521	163951
4201	143552	163913
4202	143582	163874
4203	143613	163836
4204	143640	163795
4205	143671	163756
4206	143701	163718
4207	143729	163676
4208	143760	163638
4209	143789	163599
4210	143817	163557
4211	143845	163516
4212	143874	163476
4213	143904	163438
4214	143935	163399
4215	143968	163364
4216	143997	163324
4217	144030	163289
4218	144058	163248
4219	144087	163208
4220	144121	163173
4221	144151	163134
4222	144180	163095
4223	144212	163058
4224	144240	163017
4225	144272	162980
4226	144301	162941
4227	144329	162899
4228	144359	162860
4229	144389	162821
4230	144420	162784
4231	144453	162749
4232	144485	162712
4233	144512	162670
4234	144543	162632
4235	144574	162594
4236	144604	162556
4237	144643	162527
4238	144674	162490
4239	144705	162452
4240	144738	162417
4241	144769	162379
4242	144801	162342
4243	144830	162302
4244	144868	162273
4245	144906	162243
4246	144941	162209
4247	144969	162169
4248	145005	162136
4249	145044	162108
4250	145086	162083
4251	145122	162050
4252	145159	162020
4253	145191	161984
4254	145224	161948
4255	145255	161910
4256	145284	161871
4257	145317	161835
4258	145351	161800
4259	145378	161759
4260	145410	161722
4261	145441	161685
4262	145472	161647
4263	145505	161611
4264	145540	161578
4265	145570	161540
4266	145602	161504
4267	145631	161464
4268	145661	161424
4269	145694	161389
4270	145721	161347
4271	145753	161311
4272	145778	161267
4273	145807	161227
4274	145839	161191
4275	145868	161151
4276	145899	161114
4277	145930	161076
4278	145956	161032
4279	145984	160992
4280	146012	160951
4281	146041	160912
4282	146072	160874
4283	146101	160834
4284	146133	160797
4285	146163	160759
4286	146190	160717
4287	146219	160677
4288	146250	160640
4289	146274	160595
4290	146304	160556
4291	146330	160513
4292	146356	160470
4293	146384	160429
4294	146415	160392
4295	146443	160351
4296	146471	160310
4297	146501	160272
4298	146528	160230
4299	146552	160185
4300	146581	160145
4301	146611	160107
4302	146640	160067
4303	146667	160025
4304	146697	159987
4305	146721	159941
4306	146750	159902
4307	146779	159862
4308	146806	159821
4309	146839	159785
4310	146865	159743
4311	146893	159702
4312	146924	159664
4313	146955	159627
4314	146982	159585
4315	147012	159547
4316	147041	159507
4317	147067	159464
4318	147095	159424
4319	147125	159385
4320	147160	159352
4321	147190	159314
4322	147216	159271
4323	147244	159231
4324	147272	159190
4325	147300	159149
4326	147327	159107
4327	147364	159077
4328	147396	159041
4329	147423	158999
4330	147450	158957
4331	147475	158913
4332	147504	158874
4333	147530	158831
4334	147559	158792
4335	147588	158752
4336	147615	158711
4337	147640	158667
4338	147666	158624
4339	147694	158584
4340	147725	158547
4341	147750	158503
4342	147779	158463
4343	147805	158421
4344	147831	158379
4345	147855	158333
4346	147882	158292
4347	147914	158255
4348	147942	158215
4349	147967	158171
4350	147994	158130
4351	148022	158090
4352	148049	158048
4353	148077	158008
4354	148108	157971
4355	148135	157929
4356	148164	157890
4357	148194	157851
4358	148218	157807
4359	148250	157771
4360	148274	157726
4361	148303	157687
4362	148329	157644
4363	148353	157600
4364	148385	157564
4365	148413	157523
4366	148441	157483
4367	148469	157443
4368	148495	157400
4369	148520	157357
4370	148549	157317
4371	148579	157279
4372	148604	157236
4373	148631	157194
4374	148661	157155
4375	148690	157117
4376	148715	157073
4377	148744	157034
4378	148774	156995
4379	148800	156953
4380	148832	156917
4381	148858	156875
4382	148885	156834
4383	148915	156796
4384	148945	156758
4385	148974	156718
4386	149001	156677
4387	149028	156635
4388	149056	156595
4389	149087	156558
4390	149114	156517
4391	149137	156472
4392	149168	156435
4393	149196	156395
4394	149228	156358
4395	149255	156317
4396	149283	156277
4397	149312	156238
4398	149338	156196
4399	149365	156154
4400	149390	156111
4401	149424	156078
4402	149453	156038
4403	149481	155998
4404	149511	155960
4405	149537	155918
4406	149566	155878
4407	149590	155835
4408	149619	155796
4409	149647	155755
4410	149672	155712
4411	149698	155670
4412	149724	155628
4413	149753	155588
4414	149782	155549
4415	149813	155513
4416	149840	155471
4417	149872	155435
4418	149898	155393
4419	149929	155356
4420	149955	155314
4421	149984	155275
4422	150016	155239
4423	150043	155199
4424	150074	155162
4425	150102	155122
4426	150129	155080
4427	150157	155040
4428	150188	155003
4429	150223	154970
4430	150253	154932
4431	150277	154888
4432	150307	154850
4433	150334	154810
4434	150362	154770
4435	150387	154726
4436	150415	154686
4437	150441	154645
4438	150468	154603
4439	150500	154568
4440	150530	154530
4441	150562	154493
4442	150586	154450
4443	150611	154407
4444	150641	154369
4445	150670	154330
4446	150697	154289
4447	150728	154252
4448	150756	154213
4449	150789	154177
4450	150821	154142
4451	150846	154099
4452	150872	154057
4453	150900	154017
4454	150931	153980
4455	150957	153939
4456	150986	153899
4457	151014	153859
4458	151045	153823
4459	151070	153780
4460	151096	153738
4461	151125	153699
4462	151151	153657
4463	151176	153614
4464	151206	153577
4465	151234	153537
4466	151262	153497
4467	151295	153462
4468	151324	153423
4469	151353	153385
4470	151385	153348
4471	151414	153310
4472	151445	153273
4473	151478	153238
4474	151507	153200
4475	151534	153159
4476	151562	153120
4477	151589	153078
4478	151617	153039
4479	151647	153001
4480	151675	152961
4481	151702	152921
4482	151732	152883
4483	151760	152843
4484	151787	152802
4485	151814	152762
4486	151842	152722
4487	151870	152683
4488	151901	152645
4489	151928	152605
4490	151959	152568
4491	151987	152528
4492	152013	152487
4493	152042	152448
4494	152071	152409
4495	152096	152367
4496	152127	152330
4497	152152	152287
4498	152179	152247
4499	152208	152208
4500	152235	152168
4501	152266	152131
4502	152307	152104
4503	152335	152065
4504	152363	152025
4505	152390	151984
4506	152421	151948
4507	152452	151911
4508	152479	151870
4509	152509	151833
4510	152536	151792
4511	152564	151752
4512	152594	151715
4513	152618	151672
4514	152649	151634
4515	152674	151592
4516	152703	151554
4517	152731	151514
4518	152758	151473
4519	152788	151436
4520	152815	151396
4521	152843	151356
4522	152868	151313
4523	152894	151272
4524	152923	151233
4525	152951	151194
4526	152977	151153
4527	153007	151114
4528	153034	151074
4529	153064	151036
4530	153087	150993
4531	153118	150956
4532	153144	150915
4533	153175	150877
4534	153202	150838
4535	153229	150797
4536	153259	150760
4537	153289	150722
4538	153315	150680
4539	153344	150642
4540	153369	150600
4541	153399	150562
4542	153426	150521
4543	153453	150481
4544	153479	150440
4545	153512	150406
4546	153555	150380
4547	153596	150353
4548	153633	150323
4549	153677	150300
4550	153721	150275
4551	153759	150246
4552	153790	150210
4553	153814	150166
4554	153842	150127
4555	153868	150085
4556	153896	150046
4557	153926	150008
4558	153948	149964
4559	153977	149925
4560	154004	149885
4561	154032	149845
4562	154062	149808
4563	154089	149768
4564	154115	149726
4565	154146	149689
4566	154172	149648
4567	154199	149608
4568	154227	149568
4569	154257	149531
4570	154280	149488
4571	154310	149450
4572	154338	149410
4573	154368	149373
4574	154392	149330
4575	154421	149292
4576	154451	149254
4577	154478	149214
4578	154509	149178
4579	154535	149136
4580	154564	149098
4581	154593	149060
4582	154620	149020
4583	154645	148977
4584	154672	148937
4585	154703	148901
4586	154730	148861
4587	154761	148824
4588	154789	148784
4589	154814	148743
4590	154844	148706
4591	154874	148668
4592	154902	148629
4593	154932	148591
4594	154962	148554
4595	154990	148515
4596	155018	148476
4597	155047	148438
4598	155076	148399
4599	155104	148361
4600	155135	148324
4601	155160	148282
4602	155186	148241
4603	155215	148202
4604	155247	148167
4605	155276	148129
4606	155307	148093
4607	155334	148053
4608	155364	148015
4609	155390	147975
4610	155419	147937
4611	155448	147898
4612	155479	147862
4613	155504	147820
4614	155533	147782
4615	155558	147740
4616	155587	147702
4617	155614	147662
4618	155641	147621
4619	155671	147584
4620	155698	147544
4621	155728	147507
4622	155756	147468
4623	155781	147426
4624	155812	147390
4625	155839	147350
4626	155870	147313
4627	155898	147274
4628	155923	147233
4629	155952	147194
4630	155975	147150
4631	156004	147112
4632	156032	147074
4633	156060	147035
4634	156091	146998
4635	156120	146960
4636	156146	146920
4637	156178	146884
4638	156212	146851
4639	156238	146810
4640	156266	146770
4641	156290	146728
4642	156320	146691
4643	156346	146650
4644	156372	146609
4645	156403	146573
4646	156430	146533
4647	156461	146497
4648	156487	146457
4649	156516	146419
4650	156545	146380
4651	156570	146339
4652	156600	146301
4653	156631	146265
4654	156658	146225
4655	156688	146189
4656	156716	146149
4657	156742	146108
4658	156771	146071
4659	156798	146030
4660	156831	145997
4661	156860	145958
4662	156889	145920
4663	156919	145884
4664	156948	145846
4665	156979	145809
4666	157006	145770
4667	157039	145735
4668	157067	145696
4669	157097	145660
4670	157124	145619
4671	157152	145580
4672	157180	145542
4673	157208	145503
4674	157236	145464
4675	157267	145428
4676	157293	145388
4677	157325	145352
4678	157353	145313
4679	157384	145278
4680	157413	145240
4681	157447	145206
4682	157476	145169
4683	157504	145130
4684	157530	145089
4685	157560	145052
4686	157591	145016
4687	157619	144977
4688	157649	144940
4689	157675	144899
4690	157707	144864
4691	157739	144829
4692	157769	144792
4693	157805	144761
4694	157848	144736
4695	157877	144698
4696	157905	144659
4697	157935	144623
4698	157965	144586
4699	157995	144549
4700	158025	144512
4701	158058	144478
4702	158090	144442
4703	158120	144406
4704	158150	144369
4705	158175	144327
4706	158206	144291
4707	158236	144254
4708	158267	144218
4709	158297	144181
4710	158327	144144
4711	158356	144107
4712	158387	144070
4713	158417	144034
4714	158442	143993
4715	158471	143955
4716	158501	143918
4717	158529	143879
4718	158557	143840
4719	158586	143803
4720	158614	143764
4721	158643	143726
4722	158669	143686
4723	158700	143649
4724	158733	143615
4725	158765	143580
4726	158794	143543
4727	158819	143502
4728	158849	143465
4729	158911	143457
4730	158993	143466
4731	159098	143498
4732	159199	143524
4733	159322	143571
4734	159358	143540
4735	159383	143499
4736	159413	143461
4737	159452	143432
4738	159478	143392
4739	159501	143349
4740	159544	143324
4741	159571	143284
4742	159598	143244
4743	159626	143206
4744	159662	143175
4745	159708	143152
4746	159749	143125
4747	159789	143097
4748	159819	143060
4749	159850	143024
4750	159877	142984
4751	159905	142945
4752	159934	142908
4753	159965	142871
4754	159996	142835
4755	160033	142805
4756	160073	142777
4757	160102	142739
4758	160129	142700
4759	160157	142661
4760	160187	142624
4761	160216	142586
4762	160246	142549
4763	160277	142513
4764	160304	142473
4765	160334	142437
4766	160364	142400
4767	160397	142366
4768	160430	142332
4769	160462	142296
4770	160490	142258
4771	160521	142222
4772	160552	142186
4773	160584	142151
4774	160615	142115
4775	160649	142082
4776	160679	142045
4777	160715	142013
4778	160745	141976
4779	160778	141942
4780	160808	141905
4781	160841	141871
4782	160872	141835
4783	160906	141802
4784	160938	141766
4785	160972	141734
4786	161004	141698
4787	161038	141665
4788	161065	141625
4789	161099	141592
4790	161131	141557
4791	161164	141523
4792	161189	141482
4793	161221	141447
4794	161253	141412
4795	161289	141380
4796	161319	141344
4797	161353	141310
4798	161383	141273
4799	161416	141239
4800	161448	141204
4801	161480	141168
4802	161510	141132
4803	161542	141097
4804	161573	141061
4805	161603	141024
4806	161630	140985
4807	161660	140948
4808	161692	140913
4809	161719	140874
4810	161751	140839
4811	161818	140834
4812	161854	140803
4813	161887	140768
4814	161918	140732
4815	161944	140692
4816	161975	140656
4817	162003	140618
4818	162032	140580
4819	162065	140546
4820	162091	140506
4821	162122	140470
4822	162149	140431
4823	162178	140393
4824	162206	140354
4825	162237	140319
4826	162266	140281
4827	162304	140251
4828	162342	140221
4829	162379	140191
4830	162415	140159
4831	162451	140127
4832	162485	140094
4833	162518	140060
4834	162553	140027
4835	162605	140010
4836	162636	139974
4837	162661	139933
4838	162689	139894
4839	162716	139855
4840	162746	139819
4841	162775	139781
4842	162814	139752
4843	162846	139716
4844	162882	139685
4845	162917	139652
4846	162957	139625
4847	162995	139594
4848	163034	139566
4849	163073	139537
4850	163108	139504
4851	163144	139472
4852	163183	139443
4853	163223	139415
4854	163257	139382
4855	163284	139343
4856	163310	139302
4857	163337	139263
4858	163364	139224
4859	163387	139182
4860	163416	139144
4861	163441	139103
4862	163464	139060
4863	163487	139018
4864	163514	138978
4865	163541	138939
4866	163567	138899
4867	163597	138863
4868	163625	138824
4869	163650	138783
4870	163679	138745
4871	163708	138709
4872	163736	138670
4873	163764	138631
4874	163795	138596
4875	163822	138556
4876	163850	138518
4877	163879	138480
4878	163907	138442
4879	163937	138406
4880	163964	138367
4881	163993	138329
4882	164023	138292
4883	164050	138253
4884	164081	138217
4885	164108	138179
4886	164136	138140
4887	164167	138105
4888	164193	138064
4889	164220	138026
4890	164249	137988
4891	164280	137952
4892	164312	137918
4893	164341	137880
4894	164371	137844
4895	164398	137804
4896	164432	137771
4897	164466	137737
4898	164501	137705
4899	164528	137666
4900	164555	137627
4901	164579	137586
4902	164610	137550
4903	164636	137510
4904	164663	137471
4905	164692	137434
4906	164722	137397
4907	164748	137357
4908	164783	137325
4909	164818	137292
4910	164847	137255
4911	164876	137217
4912	164906	137181
4913	164935	137144
4914	164966	137108
4915	164996	137072
4916	165022	137032
4917	165053	136996
4918	165088	136964
4919	165119	136928
4920	165147	136890
4921	165175	136851
4922	165202	136812
4923	165233	136777
4924	165257	136735
4925	165286	136698
4926	165311	136657
4927	165339	136619
4928	165366	136580
4929	165391	136540
4930	165422	136504
4931	165448	136464
4932	165476	136426
4933	165506	136390
4934	165533	136351
4935	165559	136311
4936	165587	136273
4937	165620	136239
4938	165651	136203
4939	165684	136169
4940	165716	136135
4941	165747	136099
4942	165775	136061
4943	165804	136023
4944	165834	135987
4945	165867	135953
4946	165896	135916
4947	165925	135879
4948	165953	135840
4949	165979	135801
4950	166011	135766
4951	166037	135726
4952	166064	135687
4953	166092	135649
4954	166120	135612
4955	166149	135575
4956	166176	135535
4957	166200	135494
4958	166232	135460
4959	166259	135421
4960	166286	135382
4961	166315	135345
4962	166344	135307
4963	166371	135268
4964	166400	135231
4965	166432	135197
4966	166468	135165
4967	166493	135125
4968	166521	135087
4969	166550	135050
4970	166577	135011
4971	166608	134975
4972	166635	134937
4973	166668	134902
4974	166697	134865
4975	166728	134830
4976	166753	134790
4977	166778	134749
4978	166807	134712
4979	166835	134674
4980	166863	134636
4981	166888	134596
4982	166916	134558
4983	166945	134521
4984	166972	134482
4985	167003	134446
4986	167029	134407
4987	167060	134371
4988	167088	134333
4989	167117	134296
4990	167146	134259
4991	167178	134225
4992	167206	134187
4993	167236	134150
4994	167265	134114
4995	167292	134075
4996	167322	134038
4997	167350	134001
4998	167377	133962
4999	167406	133924
5000	167434	133887
5001	167462	133849
5002	167492	133813
5003	167519	133774
5004	167547	133737
5005	167575	133698
5006	167605	133662
5007	167629	133621
5008	167657	133583
5009	167688	133547
5010	167714	133509
5011	167741	133470
5012	167772	133434
5013	167800	133397
5014	167828	133359
5015	167856	133321
5016	167884	133283
5017	167912	133245
5018	167940	133207
5019	167964	133167
5020	167988	133125
5021	168017	133089
5022	168044	133050
5023	168074	133014
5024	168100	132974
5025	168129	132938
5026	168156	132899
5027	168182	132860
5028	168212	132823
5029	168240	132786
5030	168266	132746
5031	168295	132709
5032	168323	132671
5033	168352	132635
5034	168379	132597
5035	168407	132559
5036	168437	132522
5037	168466	132485
5038	168494	132447
5039	168521	132409
5040	168548	132370
5041	168578	132334
5042	168609	132299
5043	168635	132260
5044	168662	132222
5045	168692	132186
5046	168722	132150
5047	168755	132116
5048	168785	132080
5049	168816	132044
5050	168846	132008
5051	168878	131974
5052	168906	131936
5053	168941	131904
5054	168971	131868
5055	169007	131836
5056	169037	131800
5057	169072	131768
5058	169106	131735
5059	169139	131701
5060	169171	131666
5061	169203	131632
5062	169237	131599
5063	169270	131565
5064	169301	131530
5065	169331	131494
5066	169359	131456
5067	169393	131423
5068	169421	131386
5069	169449	131348
5070	169479	131312
5071	169509	131276
5072	169536	131237
5073	169561	131198
5074	169590	131161
5075	169619	131124
5076	169647	131086
5077	169676	131050
5078	169703	131011
5079	169727	130970
5080	169754	130932
5081	169785	130897
5082	169815	130861
5083	169845	130825
5084	169875	130788
5085	169901	130749
5086	169929	130712
5087	169960	130677
5088	169988	130639
5089	170019	130603
5090	170049	130568
5091	170077	130531
5092	170108	130495
5093	170138	130459
5094	170165	130421
5095	170195	130384
5096	170223	130347
5097	170251	130309
5098	170282	130275
5099	170309	130236
5100	170333	130195
5101	170359	130156
5102	170384	130117
5103	170413	130080
5104	170444	130045
5105	170471	130006
5106	170500	129970
5107	170530	129934
5108	170558	129896
5109	170587	129860
5110	170617	129824
5111	170648	129789
5112	170678	129752
5113	170706	129715
5114	170733	129677
5115	170765	129642
5116	170788	129601
5117	170817	129565
5118	170841	129524
5119	170869	129487
5120	170898	129450
5121	170926	129412
5122	170956	129377
5123	170983	129338
5124	171011	129301
5125	171042	129265
5126	171069	129228
5127	171096	129189
5128	171127	129154
5129	171154	129116
5130	171178	129076
5131	171206	129038
5132	171236	129002
5133	171265	128965
5134	171292	128927
5135	171317	128888
5136	171346	128851
5137	171372	128812
5138	171404	128778
5139	171430	128739
5140	171460	128703
5141	171501	128676
5142	171536	128643
5143	171559	128603
5144	171589	128567
5145	171619	128531
5146	171652	128497
5147	171681	128460
5148	171707	128422
5149	171733	128383
5150	171760	128345
5151	171790	128309
5152	171817	128271
5153	171849	128236
5154	171876	128198
5155	171905	128162
5156	171932	128124
5157	171959	128086
5158	171987	128048
5159	172011	128008
5160	172039	127971
5161	172073	127938
5162	172098	127898
5163	172129	127863
5164	172156	127825
5165	172180	127785
5166	172210	127749
5167	172241	127714
5168	172267	127675
5169	172298	127640
5170	172324	127602
5171	172354	127566
5172	172384	127530
5173	172412	127492
5174	172439	127455
5175	172470	127420
5176	172496	127381
5177	172523	127343
5178	172553	127307
5179	172579	127269
5180	172608	127232
5181	172636	127195
5182	172663	127157
5183	172693	127121
5184	172721	127084
5185	172750	127048
5186	172777	127010
5187	172806	126973
5188	172830	126933
5189	172855	126893
5190	172883	126856
5191	172908	126817
5192	172938	126781
5193	172965	126744
5194	172995	126708
5195	173022	126670
5196	173050	126633
5197	173076	126594
5198	173103	126556
5199	173133	126520
5200	173160	126482
5201	173187	126444
5202	173215	126407
5203	173241	126369
5204	173267	126330
5205	173295	126293
5206	173327	126259
5207	173356	126222
5208	173386	126187
5209	173410	126147
5210	173441	126111
5211	173472	126076
5212	173501	126040
5213	173528	126002
5214	173557	125966
5215	173588	125931
5216	173621	125898
5217	173651	125862
5218	173683	125828
5219	173713	125792
5220	173742	125756
5221	173778	125724
5222	173808	125689
5223	173841	125655
5224	173870	125619
5225	173900	125583
5226	173930	125548
5227	173962	125513
5228	173988	125475
5229	174015	125437
5230	174041	125399
5231	174071	125363
5232	174102	125328
5233	174128	125290
5234	174155	125252
5235	174184	125215
5236	174216	125181
5237	174248	125147
5238	174275	125109
5239	174304	125073
5240	174335	125038
5241	174367	125004
5242	174404	124973
5243	174436	124939
5244	174462	124901
5245	174491	124864
5246	174521	124829
5247	174551	124793
5248	174582	124758
5249	174609	124720
5250	174638	124684
5251	174663	124645
5252	174689	124607
5253	174718	124570
5254	174751	124537
5255	174776	124498
5256	174801	124459
5257	174831	124423
5258	174870	124394
5259	174897	124356
5260	174923	124318
5261	174952	124282
5262	174981	124245
5263	175011	124210
5264	175043	124175
5265	175072	124139
5266	175104	124105
5267	175136	124071
5268	175172	124040
5269	175202	124004
5270	175231	123968
5271	175262	123933
5272	175293	123898
5273	175322	123862
5274	175352	123826
5275	175378	123788
5276	175403	123749
5277	175427	123709
5278	175452	123671
5279	175480	123633
5280	175507	123596
5281	175531	123556
5282	175558	123518
5283	175588	123483
5284	175614	123445
5285	175642	123407
5286	175671	123371
5287	175697	123334
5288	175728	123299
5289	175758	123263
5290	175790	123229
5291	175816	123191
5292	175845	123154
5293	175877	123120
5294	175905	123084
5295	175934	123048
5296	175964	123012
5297	175995	122977
5298	176026	122942
5299	176055	122906
5300	176085	122870
5301	176115	122835
5302	176144	122799
5303	176174	122764
5304	176205	122729
5305	176235	122694
5306	176267	122659
5307	176293	122621
5308	176323	122585
5309	176352	122549
5310	176382	122514
5311	176416	122481
5312	176447	122447
5313	176479	122413
5314	176507	122375
5315	176534	122339
5316	176565	122304
5317	176594	122267
5318	176623	122232
5319	176655	122197
5320	176684	122161
5321	176716	122127
5322	176746	122092
5323	176778	122058
5324	176807	122021
5325	176833	121984
5326	176866	121950
5327	176892	121912
5328	176923	121878
5329	176952	121841
5330	176982	121806
5331	177012	121770
5332	177039	121733
5333	177071	121699
5334	177100	121663
5335	177130	121627
5336	177157	121590
5337	177189	121556
5338	177224	121524
5339	177258	121491
5340	177291	121458
5341	177317	121420
5342	177344	121382
5343	177373	121346
5344	177400	121309
5345	177428	121272
5346	177454	121234
5347	177483	121198
5348	177508	121160
5349	177538	121124
5350	177566	121087
5351	177594	121050
5352	177620	121012
5353	177651	120978
5354	177678	120940
5355	177709	120906
5356	177734	120867
5357	177771	120836
5358	177809	120807
5359	177839	120771
5360	177869	120736
5361	177900	120701
5362	177934	120668
5363	177964	120633
5364	177995	120599
5365	178027	120564
5366	178059	120531
5367	178088	120494
5368	178121	120462
5369	178151	120426
5370	178185	120393
5371	178215	120358
5372	178245	120323
5373	178273	120286
5374	178303	120251
5375	178333	120215
5376	178366	120182
5377	178396	120147
5378	178425	120111
5379	178456	120076
5380	178484	120040
5381	178514	120004
5382	178544	119969
5383	178569	119930
5384	178597	119894
5385	178625	119857
5386	178661	119826
5387	178698	119795
5388	178730	119761
5389	178760	119726
5390	178790	119691
5391	178820	119656
5392	178848	119619
5393	178878	119584
5394	178908	119548
5395	178930	119508
5396	178955	119469
5397	178986	119434
5398	179015	119398
5399	179042	119361
5400	179073	119327
5401	179103	119291
5402	179134	119257
5403	179162	119220
5404	179189	119183
5405	179219	119148
5406	179249	119113
5407	179275	119075
5408	179306	119040
5409	179340	119007
5410	179371	118973
5411	179404	118939
5412	179434	118904
5413	179464	118869
5414	179495	118835
5415	179524	118799
5416	179551	118762
5417	179585	118729
5418	179618	118695
5419	179645	118658
5420	179676	118624
5421	179706	118589
5422	179736	118553
5423	179765	118517
5424	179792	118480
5425	179827	118448
5426	179856	118413
5427	179889	118379
5428	179920	118345
5429	179951	118310
5430	179981	118275
5431	180007	118237
5432	180041	118204
5433	180069	118168
5434	180096	118131
5435	180127	118097
5436	180156	118060
5437	180179	118021
5438	180212	117987
5439	180238	117950
5440	180264	117912
5441	180293	117876
5442	180324	117842
5443	180356	117808
5444	180386	117773
5445	180415	117736
5446	180446	117702
5447	180475	117667
5448	180503	117630
5449	180533	117595
5450	180557	117556
5451	180587	117521
5452	180614	117484
5453	180643	117448
5454	180671	117411
5455	180698	117374
5456	180723	117336
5457	180751	117299
5458	180781	117264
5459	180809	117227
5460	180839	117193
5461	180866	117155
5462	180893	117118
5463	180920	117081
5464	180949	117045
5465	180976	117008
5466	181003	116972
5467	181032	116936
5468	181063	116901
5469	181088	116863
5470	181117	116827
5471	181142	116789
5472	181172	116753
5473	181201	116718
5474	181228	116681
5475	181257	116645
5476	181282	116607
5477	181313	116572
5478	181344	116538
5479	181374	116503
5480	181399	116465
5481	181423	116425
5482	181452	116390
5483	181481	116354
5484	181504	116315
5485	181533	116279
5486	181562	116243
5487	181589	116206
5488	181613	116167
5489	181640	116130
5490	181669	116094
5491	181695	116057
5492	181725	116022
5493	181750	115984
5494	181773	115945
5495	181803	115909
5496	181835	115875
5497	181861	115838
5498	181889	115802
5499	181916	115764
5500	181946	115729
5501	181970	115691
5502	181999	115655
5503	182029	115620
5504	182059	115585
5505	182095	115553
5506	182121	115516
5507	182148	115479
5508	182176	115443
5509	182204	115407
5510	182232	115371
5511	182260	115334
5512	182290	115299
5513	182315	115261
5514	182345	115226
5515	182375	115191
5516	182402	115154
5517	182429	115117
5518	182456	115080
5519	182505	115057
5520	182543	115028
5521	182594	115005
5522	182652	114988
5523	182688	114957
5524	182724	114926
5525	182760	114895
5526	182817	114877
5527	182873	114858
5528	182932	114841
5529	182984	114820
5530	183136	114861
5531	183179	114834
5532	183227	114811
5533	183276	114787
5534	183319	114760
5535	183355	114729
5536	183394	114700
5537	183434	114671
5538	183471	114640
5539	183506	114608
5540	183547	114580
5541	183580	114547
5542	183651	114537
5543	183687	114506
5544	183724	114475
5545	183763	114445
5546	183799	114414
5547	183837	114384
5548	183873	114353
5549	183909	114322
5550	183944	114290
5551	183976	114256
5552	184010	114223
5553	184037	114186
5554	184067	114151
5555	184097	114116
5556	184123	114078
5557	184150	114042
5558	184179	114006
5559	184207	113970
5560	184237	113934
5561	184267	113900
5562	184302	113867
5563	184327	113829
5564	184357	113794
5565	184386	113759
5566	184414	113722
5567	184442	113686
5568	184473	113652
5569	184501	113615
5570	184530	113580
5571	184559	113544
5572	184592	113511
5573	184621	113475
5574	184648	113439
5575	184682	113405
5576	184708	113368
5577	184739	113334
5578	184769	113298
5579	184799	113264
5580	184832	113231
5581	184875	113203
5582	184912	113173
5583	184950	113142
5584	184986	113111
5585	185021	113079
5586	185052	113045
5587	185081	113009
5588	185113	112976
5589	185142	112939
5590	185170	112903
5591	185202	112870
5592	185235	112836
5593	185266	112802
5594	185297	112768
5595	185324	112731
5596	185357	112697
5597	185386	112662
5598	185417	112628
5599	185447	112592
5600	185475	112556
5601	185501	112519
5602	185532	112485
5603	185565	112451
5604	185593	112415
5605	185623	112380
5606	185652	112345
5607	185679	112308
5608	185712	112275
5609	185741	112239
5610	185770	112203
5611	185799	112168
5612	185827	112132
5613	185858	112097
5614	185890	112063
5615	185917	112027
5616	185943	111989
5617	185974	111955
5618	186002	111918
5619	186029	111882
5620	186058	111846
5621	186084	111809
5622	186108	111771
5623	186139	111736
5624	186168	111701
5625	186191	111662
5626	186219	111625
5627	186246	111589
5628	186279	111555
5629	186307	111519
5630	186337	111484
5631	186376	111455
5632	186455	111449
5633	186503	111425
5634	186552	111401
5635	186598	111376
5636	186648	111353
5637	186688	111324
5638	186718	111289
5639	186749	111255
5640	186780	111220
5641	186808	111184
5642	186840	111150
5643	186871	111116
5644	186901	111081
5645	186932	111046
5646	186963	111012
5647	186992	110977
5648	187020	110941
5649	187049	110905
5650	187077	110869
5651	187106	110833
5652	187136	110798
5653	187162	110761
5654	187195	110728
5655	187224	110692
5656	187254	110657
5657	187282	110621
5658	187312	110586
5659	187348	110555
5660	187383	110523
5661	187415	110489
5662	187445	110454
5663	187475	110419
5664	187504	110384
5665	187536	110350
5666	187565	110314
5667	187603	110285
5668	187638	110252
5669	187665	110216
5670	187696	110181
5671	187723	110145
5672	187749	110107
5673	187777	110071
5674	187806	110036
5675	187839	110003
5676	187870	109968
5677	187900	109934
5678	187931	109899
5679	187963	109865
5680	187992	109830
5681	188024	109796
5682	188055	109762
5683	188090	109730
5684	188117	109693
5685	188144	109657
5686	188176	109623
5687	188206	109588
5688	188236	109553
5689	188265	109518
5690	188291	109480
5691	188318	109444
5692	188350	109410
5693	188380	109375
5694	188410	109341
5695	188440	109305
5696	188470	109271
5697	188501	109237
5698	188530	109201
5699	188558	109165
5700	188588	109130
5701	188625	109100
5702	188659	109067
5703	188689	109032
5704	188717	108996
5705	188744	108959
5706	188774	108925
5707	188804	108889
5708	188833	108854
5709	188866	108821
5710	188895	108786
5711	188924	108750
5712	188948	108712
5713	188977	108676
5714	189007	108642
5715	189038	108607
5716	189070	108573
5717	189102	108540
5718	189136	108507
5719	189167	108473
5720	189195	108437
5721	189227	108403
5722	189259	108370
5723	189288	108334
5724	189318	108299
5725	189349	108265
5726	189377	108229
5727	189405	108193
5728	189431	108156
5729	189457	108119
5730	189491	108087
5731	189522	108053
5732	189550	108016
5733	189578	107981
5734	189607	107945
5735	189635	107909
5736	189681	107883
5737	189711	107849
5738	189738	107812
5739	189767	107777
5740	189795	107741
5741	189824	107705
5742	189852	107670
5743	189881	107635
5744	189912	107600
5745	189947	107568
5746	189979	107534
5747	190006	107498
5748	190041	107466
5749	190079	107436
5750	190117	107405
5751	190151	107373
5752	190184	107340
5753	190220	107309
5754	190254	107276
5755	190290	107245
5756	190328	107214
5757	190356	107179
5758	190384	107142
5759	190412	107106
5760	190438	107070
5761	190466	107033
5762	190490	106995
5763	190519	106960
5764	190543	106922
5765	190567	106884
5766	190601	106851
5767	190629	106816
5768	190660	106781
5769	190691	106747
5770	190720	106712
5771	190752	106678
5772	190782	106644
5773	190813	106609
5774	190843	106574
5775	190872	106539
5776	190906	106506
5777	190937	106473
5778	190968	106438
5779	190997	106403
5780	191029	106370
5781	191065	106338
5782	191094	106303
5783	191124	106268
5784	191152	106232
5785	191183	106198
5786	191213	106163
5787	191241	106127
5788	191272	106093
5789	191309	106062
5790	191346	106031
5791	191383	106000
5792	191422	105971
5793	191460	105941
5794	191503	105913
5795	191543	105884
5796	191585	105856
5797	191615	105821
5798	191649	105788
5799	191680	105754
5800	191714	105722
5801	191743	105686
5802	191774	105652
5803	191806	105619
5804	191839	105586
5805	191867	105549
5806	191935	105536
5807	191980	105510
5808	192032	105487
5809	192066	105454
5810	192099	105421
5811	192131	105388
5812	192169	105357
5813	192204	105325
5814	192236	105292
5815	192265	105256
5816	192305	105227
5817	192337	105193
5818	192374	105162
5819	192406	105129
5820	192437	105094
5821	192463	105058
5822	192496	105025
5823	192528	104991
5824	192560	104957
5825	192593	104924
5826	192622	104889
5827	192655	104856
5828	192695	104827
5829	192732	104796
5830	192770	104765
5831	192809	104736
5832	192854	104709
5833	192899	104682
5834	192942	104655
5835	192987	104628
5836	193024	104597
5837	193062	104567
5838	193103	104538
5839	193143	104509
5840	193178	104477
5841	193204	104440
5842	193232	104404
5843	193262	104369
5844	193290	104334
5845	193320	104299
5846	193346	104262
5847	193373	104226
5848	193402	104190
5849	193434	104157
5850	193464	104122
5851	193496	104088
5852	193528	104054
5853	193557	104019
5854	193601	103992
5855	193682	103985
5856	193724	103957
5857	193771	103931
5858	193828	103911
5859	193871	103883
5860	193905	103850
5861	193937	103817
5862	193970	103784
5863	194002	103750
5864	194036	103717
5865	194072	103686
5866	194114	103658
5867	194149	103625
5868	194178	103590
5869	194209	103556
5870	194242	103523
5871	194270	103487
5872	194300	103452
5873	194333	103419
5874	194364	103385
5875	194393	103349
5876	194418	103312
5877	194452	103280
5878	194484	103246
5879	194513	103211
5880	194543	103176
5881	194573	103141
5882	194605	103107
5883	194635	103073
5884	194661	103036
5885	194687	103000
5886	194711	102961
5887	194734	102923
5888	194761	102887
5889	194785	102849
5890	194810	102811
5891	194836	102775
5892	194864	102739
5893	194896	102706
5894	194925	102670
5895	194954	102635
5896	194986	102602
5897	195015	102566
5898	195047	102533
5899	195079	102499
5900	195112	102466
5901	195143	102432
5902	195175	102398
5903	195203	102362
5904	195234	102328
5905	195264	102294
5906	195296	102260
5907	195328	102226
5908	195355	102190
5909	195381	102153
5910	195409	102118
5911	195438	102082
5912	195465	102046
5913	195495	102012
5914	195524	101976
5915	195555	101942
5916	195590	101910
5917	195626	101879
5918	195662	101847
5919	195698	101815
5920	195735	101785
5921	195771	101753
5922	195796	101716
5923	195826	101681
5924	195859	101648
5925	195890	101614
5926	195921	101580
5927	195953	101546
5928	195984	101512
5929	196016	101479
5930	196043	101442
5931	196072	101407
5932	196102	101373
5933	196134	101339
5934	196165	101305
5935	196194	101270
5936	196226	101236
5937	196252	101200
5938	196280	101164
5939	196314	101131
5940	196344	101097
5941	196371	101061
5942	196399	101025
5943	196430	100991
5944	196463	100957
5945	196491	100922
5946	196522	100888
5947	196554	100854
5948	196584	100820
5949	196613	100785
5950	196643	100750
5951	196674	100716
5952	196706	100682
5953	196734	100647
5954	196766	100613
5955	196794	100578
5956	196823	100542
5957	196854	100508
5958	196883	100473
5959	196915	100440
5960	196940	100403
5961	196971	100368
5962	197003	100335
5963	197030	100299
5964	197055	100261
5965	197082	100226
5966	197107	100189
5967	197135	100153
5968	197164	100118
5969	197192	100082
5970	197221	100047
5971	197252	100013
5972	197281	99978
5973	197312	99944
5974	197340	99908
5975	197369	99873
5976	197402	99840
5977	197434	99807
5978	197463	99772
5979	197491	99736
5980	197521	99701
5981	197555	99669
5982	197589	99636
5983	197619	99602
5984	197651	99568
5985	197681	99534
5986	197711	99499
5987	197741	99465
5988	197770	99430
5989	197802	99396
5990	197835	99363
5991	197860	99326
5992	197892	99292
5993	197923	99259
5994	197955	99225
5995	197984	99190
5996	198013	99155
5997	198046	99122
5998	198075	99087
5999	198103	99051
6000	198136	99018
6001	198166	98983
6002	198194	98948
6003	198219	98911
6004	198249	98876
6005	198275	98840
6006	198307	98806
6007	198332	98770
6008	198361	98734
6009	198385	98697
6010	198413	98662
6011	198444	98627
6012	198471	98592
6013	198501	98557
6014	198527	98521
6015	198562	98488
6016	198595	98456
6017	198630	98424
6018	198667	98393
6019	198698	98359
6020	198727	98323
6021	198761	98291
6022	198794	98258
6023	198823	98223
6024	198859	98192
6025	198897	98161
6026	198933	98130
6027	199003	98115
6028	199046	98087
6029	199081	98055
6030	199138	98033
6031	199168	97999
6032	199197	97964
6033	199231	97931
6034	199265	97899
6035	199300	97867
6036	199334	97834
6037	199369	97802
6038	199403	97770
6039	199438	97738
6040	199466	97702
6041	199496	97667
6042	199531	97636
6043	199565	97603
6044	199600	97571
6045	199629	97536
6046	199658	97501
6047	199690	97467
6048	199721	97433
6049	199751	97399
6050	199779	97364
6051	199809	97329
6052	199840	97295
6053	199872	97262
6054	199905	97229
6055	199938	97196
6056	199970	97162
6057	200002	97128
6058	200032	97094
6059	200062	97059
6060	200093	97026
6061	200125	96992
6062	200154	96957
6063	200182	96922
6064	200212	96887
6065	200244	96854
6066	200274	96819
6067	200301	96783
6068	200330	96748
6069	200357	96712
6070	200386	96678
6071	200417	96644
6072	200448	96609
6073	200474	96573
6074	200506	96540
6075	200536	96505
6076	200568	96472
6077	200599	96438
6078	200627	96403
6079	200659	96369
6080	200692	96336
6081	200723	96302
6082	200754	96268
6083	200784	96233
6084	200814	96199
6085	200843	96164
6086	200872	96129
6087	200900	96094
6088	200977	96082
6089	201023	96055
6090	201071	96029
6091	201110	95999
6092	201145	95967
6093	201185	95938
6094	201223	95907
6095	201261	95876
6096	201296	95844
6097	201332	95813
6098	201369	95781
6099	201403	95749
6100	201440	95717
6101	201475	95686
6102	201506	95652
6103	201544	95621
6104	201595	95596
6105	201641	95570
6106	201675	95537
6107	201706	95503
6108	201735	95468
6109	201767	95435
6110	201797	95400
6111	201828	95366
6112	201860	95333
6113	201891	95299
6114	201921	95264
6115	201949	95229
6116	201981	95195
6117	202008	95159
6118	202038	95125
6119	202071	95092
6120	202099	95056
6121	202128	95022
6122	202159	94988
6123	202192	94955
6124	202218	94919
6125	202251	94885
6126	202287	94854
6127	202315	94819
6128	202348	94785
6129	202374	94749
6130	202404	94715
6131	202436	94681
6132	202464	94646
6133	202492	94611
6134	202530	94580
6135	202564	94547
6136	202597	94514
6137	202632	94482
6138	202667	94450
6139	202706	94420
6140	202741	94388
6141	202772	94354
6142	202799	94318
6143	202834	94286
6144	202867	94253
6145	202903	94221
6146	202938	94189
6147	202963	94153
6148	203000	94121
6149	203035	94089
6150	203072	94058
6151	203108	94026
6152	203139	93992
6153	203167	93957
6154	203198	93923
6155	203240	93894
6156	203275	93862
6157	203304	93827
6158	203336	93794
6159	203373	93763
6160	203418	93735
6161	203462	93707
6162	203504	93678
6163	203533	93643
6164	203564	93610
6165	203594	93575
6166	203631	93544
6167	203661	93509
6168	203689	93474
6169	203720	93440
6170	203748	93405
6171	203776	93370
6172	203808	93336
6173	203837	93301
6174	203867	93267
6175	203895	93232
6176	203927	93198
6177	203956	93163
6178	203985	93128
6179	204076	93122
6180	204103	93086
6181	204137	93053
6182	204167	93019
6183	204196	92984
6184	204224	92949
6185	204251	92913
6186	204281	92879
6187	204309	92843
6188	204339	92809
6189	204368	92774
6190	204396	92739
6191	204423	92703
6192	204452	92668
6193	204482	92634
6194	204516	92602
6195	204547	92568
6196	204576	92533
6197	204630	92509
6198	204707	92496
6199	204760	92472
6200	204800	92442
6201	204833	92409
6202	204860	92373
6203	204890	92339
6204	204926	92307
6205	204960	92275
6206	204990	92240
6207	205021	92206
6208	205049	92171
6209	205079	92137
6210	205111	92103
6211	205140	92068
6212	205168	92033
6213	205201	92000
6214	205239	91969
6215	205270	91935
6216	205300	91901
6217	205329	91866
6218	205357	91831
6219	205385	91796
6220	205415	91761
6221	205446	91727
6222	205471	91690
6223	205500	91656
6224	205529	91621
6225	205559	91587
6226	205588	91552
6227	205616	91517
6228	205647	91483
6229	205672	91446
6230	205697	91410
6231	205722	91373
6232	205752	91339
6233	205780	91303
6234	205811	91269
6235	205837	91234
6236	205871	91201
6237	205902	91167
6238	205935	91134
6239	205965	91100
6240	205996	91066
6241	206025	91031
6242	206058	90998
6243	206090	90964
6244	206127	90933
6245	206158	90899
6246	206189	90865
6247	206219	90831
6248	206250	90797
6249	206280	90763
6250	206309	90728
6251	206341	90695
6252	206366	90658
6253	206396	90624
6254	206428	90590
6255	206457	90556
6256	206485	90521
6257	206517	90487
6258	206548	90453
6259	206578	90419
6260	206607	90384
6261	206636	90349
6262	206669	90316
6263	206699	90282
6264	206730	90248
6265	206764	90216
6266	206794	90181
6267	206825	90147
6268	206853	90112
6269	206883	90078
6270	206915	90044
6271	206942	90009
6272	206970	89974
6273	206997	89938
6274	207028	89904
6275	207059	89870
6276	207093	89838
6277	207128	89806
6278	207164	89774
6279	207195	89740
6280	207224	89706
6281	207254	89671
6282	207282	89636
6283	207315	89603
6284	207347	89570
6285	207381	89537
6286	207411	89503
6287	207443	89469
6288	207476	89436
6289	207508	89403
6290	207541	89370
6291	207574	89337
6292	207606	89304
6293	207639	89271
6294	207670	89237
6295	207701	89203
6296	207735	89170
6297	207769	89138
6298	207794	89102
6299	207829	89069
6300	207859	89035
6301	207893	89002
6302	207927	88970
6303	207957	88935
6304	207989	88902
6305	208019	88868
6306	208050	88834
6307	208077	88798
6308	208109	88765
6309	208138	88731
6310	208170	88697
6311	208202	88664
6312	208234	88630
6313	208266	88597
6314	208296	88563
6315	208321	88526
6316	208352	88492
6317	208380	88458
6318	208407	88422
6319	208439	88388
6320	208467	88353
6321	208493	88318
6322	208520	88282
6323	208553	88249
6324	208580	88214
6325	208613	88180
6326	208644	88146
6327	208676	88113
6328	208708	88080
6329	208740	88046
6330	208770	88012
6331	208797	87977
6332	208825	87942
6333	208856	87908
6334	208885	87873
6335	208915	87839
6336	208945	87805
6337	208972	87769
6338	209004	87736
6339	209035	87702
6340	209066	87668
6341	209094	87633
6342	209124	87599
6343	209153	87564
6344	209181	87529
6345	209210	87495
6346	209237	87459
6347	209267	87425
6348	209295	87390
6349	209325	87356
6350	209356	87322
6351	209381	87286
6352	209443	87265
6353	209508	87245
6354	209558	87219
6355	209596	87189
6356	209635	87158
6357	209688	87133
6358	209735	87106
6359	209774	87076
6360	209820	87048
6361	209866	87020
6362	209909	86992
6363	209960	86966
6364	209996	86934
6365	210033	86903
6366	210072	86873
6367	210122	86846
6368	210165	86818
6369	210205	86788
6370	210253	86761
6371	210303	86735
6372	210341	86704
6373	210381	86674
6374	210432	86648
6375	210484	86623
6376	210525	86593
6377	210561	86562
6378	210589	86526
6379	210617	86491
6380	210645	86456
6381	210674	86422
6382	210699	86385
6383	210732	86352
6384	210758	86316
6385	210785	86281
6386	210813	86246
6387	210839	86210
6388	210870	86176
6389	210898	86141
6390	210926	86106
6391	210959	86073
6392	210990	86039
6393	211015	86003
6394	211051	85971
6395	211086	85939
6396	211115	85904
6397	211147	85871
6398	211181	85838
6399	211211	85804
6400	211242	85770
6401	211275	85737
6402	211307	85704
6403	211341	85671
6404	211374	85638
6405	211407	85605
6406	211439	85572
6407	211469	85538
6408	211500	85504
6409	211532	85470
6410	211563	85437
6411	211597	85404
6412	211624	85369
6413	211658	85336
6414	211690	85303
6415	211721	85269
6416	211749	85234
6417	211780	85200
6418	211813	85167
6419	211845	85134
6420	211878	85101
6421	211911	85068
6422	211942	85034
6423	211974	85000
6424	212003	84966
6425	212030	84931
6426	212062	84897
6427	212091	84862
6428	212118	84827
6429	212153	84795
6430	212182	84760
6431	212212	84726
6432	212242	84692
6433	212276	84659
6434	212305	84625
6435	212338	84592
6436	212368	84558
6437	212398	84523
6438	212430	84490
6439	212462	84457
6440	212491	84422
6441	212522	84388
6442	212551	84354
6443	212582	84320
6444	212611	84285
6445	212642	84252
6446	212672	84217
6447	212699	84182
6448	212729	84148
6449	212761	84114
6450	212786	84078
6451	212812	84042
6452	212841	84008
6453	212870	83974
6454	212901	83940
6455	212928	83905
6456	212957	83870
6457	212983	83834
6458	213012	83800
6459	213040	83765
6460	213070	83730
6461	213096	83695
6462	213125	83660
6463	213150	83624
6464	213181	83590
6465	213208	83555
6466	213237	83521
6467	213267	83486
6468	213296	83452
6469	213324	83417
6470	213348	83381
6471	213377	83346
6472	213406	83312
6473	213436	83277
6474	213463	83242
6475	213493	83208
6476	213524	83174
6477	213553	83140
6478	213579	83104
6479	213607	83069
6480	213638	83035
6481	213662	82999
6482	213692	82965
6483	213716	82928
6484	213747	82894
6485	213773	82859
6486	213800	82824
6487	213829	82789
6488	213855	82754
6489	213886	82720
6490	213913	82685
6491	213940	82649
6492	213966	82614
6493	213998	82580
6494	214025	82545
6495	214063	82514
6496	214098	82482
6497	214129	82448
6498	214159	82414
6499	214189	82380
6500	214218	82346
6501	214247	82311
6502	214274	82276
6503	214305	82242
6504	214333	82207
6505	214360	82172
6506	214389	82138
6507	214416	82102
6508	214440	82066
6509	214469	82032
6510	214501	81998
6511	214528	81963
6512	214554	81928
6513	214584	81893
6514	214613	81859
6515	214641	81824
6516	214665	81788
6517	214693	81753
6518	214722	81718
6519	214748	81683
6520	214778	81649
6521	214806	81614
6522	214832	81579
6523	214864	81545
6524	214894	81511
6525	214928	81479
6526	214961	81446
6527	214986	81410
6528	215012	81374
6529	215042	81340
6530	215069	81305
6531	215098	81271
6532	215126	81236
6533	215155	81202
6534	215185	81167
6535	215210	81131
6536	215236	81096
6537	215261	81060
6538	215292	81026
6539	215317	80991
6540	215342	80955
6541	215371	80920
6542	215395	80884
6543	215420	80848
6544	215450	80814
6545	215475	80778
6546	215502	80743
6547	215534	80710
6548	215559	80674
6549	215588	80639
6550	215612	80603
6551	215637	80567
6552	215667	80533
6553	215694	80498
6554	215720	80463
6555	215749	80428
6556	215776	80393
6557	215802	80358
6558	215833	80324
6559	215861	80289
6560	215889	80255
6561	215919	80221
6562	215946	80186
6563	215977	80152
6564	216002	80116
6565	216033	80082
6566	216059	80047
6567	216086	80012
6568	216113	79977
6569	216141	79942
6570	216169	79908
6571	216197	79873
6572	216224	79838
6573	216250	79802
6574	216277	79767
6575	216308	79734
6576	216336	79699
6577	216364	79664
6578	216394	79630
6579	216424	79596
6580	216448	79560
6581	216476	79525
6582	216506	79491
6583	216533	79457
6584	216560	79421
6585	216586	79386
6586	216617	79353
6587	216646	79318
6588	216671	79283
6589	216696	79247
6590	216726	79213
6591	216756	79179
6592	216783	79144
6593	216810	79109
6594	216839	79074
6595	216867	79040
6596	216894	79005
6597	216925	78971
6598	216953	78936
6599	216980	78902
6600	217006	78866
6601	217033	78831
6602	217062	78797
6603	217088	78762
6604	217117	78727
6605	217143	78692
6606	217170	78657
6607	217201	78623
6608	217233	78590
6609	217260	78555
6610	217288	78520
6611	217312	78484
6612	217341	78450
6613	217373	78417
6614	217398	78381
6615	217423	78346
6616	217455	78312
6617	217482	78277
6618	217513	78244
6619	217540	78209
6620	217570	78175
6621	217599	78141
6622	217626	78106
6623	217657	78072
6624	217682	78037
6625	217706	78001
6626	217733	77966
6627	217761	77931
6628	217788	77896
6629	217818	77862
6630	217849	77829
6631	217877	77794
6632	217905	77759
6633	217936	77726
6634	217964	77691
6635	217996	77658
6636	218028	77625
6637	218057	77591
6638	218083	77556
6639	218117	77523
6640	218150	77491
6641	218184	77458
6642	218209	77422
6643	218234	77387
6644	218261	77352
6645	218289	77317
6646	218316	77282
6647	218342	77247
6648	218372	77213
6649	218400	77179
6650	218427	77144
6651	218454	77109
6652	218480	77074
6653	218514	77041
6654	218555	77011
6655	218583	76977
6656	218611	76942
6657	218638	76907
6658	218664	76872
6659	218694	76838
6660	218717	76802
6661	218744	76767
6662	218774	76733
6663	218800	76698
6664	218827	76663
6665	218854	76628
6666	218883	76594
6667	218913	76560
6668	218939	76525
6669	218968	76491
6670	218996	76456
6671	219023	76421
6672	219052	76387
6673	219079	76352
6674	219106	76318
6675	219133	76283
6676	219161	76248
6677	219187	76213
6678	219216	76179
6679	219247	76145
6680	219273	76110
6681	219303	76076
6682	219329	76041
6683	219357	76007
6684	219388	75973
6685	219417	75939
6686	219439	75903
6687	219464	75867
6688	219493	75833
6689	219521	75798
6690	219551	75765
6691	219578	75730
6692	219606	75695
6693	219634	75661
6694	219664	75627
6695	219688	75591
6696	219717	75557
6697	219744	75522
6698	219770	75487
6699	219800	75454
6700	219827	75419
6701	219858	75385
6702	219886	75351
6703	219912	75316
6704	219940	75281
6705	219971	75248
6706	219999	75213
6707	220048	75186
6708	220080	75153
6709	220108	75118
6710	220135	75084
6711	220163	75049
6712	220188	75014
6713	220216	74979
6714	220245	74945
6715	220273	74911
6716	220300	74876
6717	220329	74842
6718	220354	74807
6719	220381	74772
6720	220411	74738
6721	220440	74704
6722	220464	74668
6723	220491	74633
6724	220519	74599
6725	220551	74566
6726	220578	74531
6727	220603	74496
6728	220629	74461
6729	220657	74426
6730	220685	74392
6731	220719	74359
6732	220745	74324
6733	220772	74290
6734	220801	74256
6735	220827	74221
6736	220853	74186
6737	220878	74150
6738	220904	74115
6739	220935	74082
6740	220965	74048
6741	220991	74013
6742	221021	73979
6743	221048	73944
6744	221074	73910
6745	221106	73877
6746	221133	73842
6747	221159	73807
6748	221189	73773
6749	221216	73738
6750	221244	73704
6751	221274	73670
6752	221300	73635
6753	221329	73601
6754	221358	73567
6755	221387	73533
6756	221421	73501
6757	221452	73468
6758	221482	73434
6759	221512	73400
6760	221544	73367
6761	221574	73333
6762	221602	73299
